Player Name,Team,Position
Justin Verlander,San Francisco Giants,"SP, P"
Andrew McCutchen,Pittsburgh Pirates,"OF, Util"
Clayton Kershaw,Los Angeles Dodgers,"SP, P, NA"
Max Scherzer,Toronto Blue Jays,"SP, P"
Charlie Morton,Baltimore Orioles,"SP, P"
David Robertson,Texas Rangers,"RP, P, NA"
Aroldis Chapman,Boston Red Sox,"RP, P"
Carlos Santana,Cleveland Guardians,"1B, Util"
Giancarlo Stanton,New York Yankees,"OF, Util"
Martín Pérez,Chicago White Sox,"SP, P"
Freddie Freeman,Los Angeles Dodgers,"1B, Util"
Kenley Jansen,Boston Red Sox,"RP, P, NA"
Chris Sale,Atlanta Braves,"SP, P"
Mike Trout,Los Angeles Angels,"CF, OF, Util"
Anthony Rizzo,New York Yankees,"1B, Util, NA"
Bryce Harper,Philadelphia Phillies,"1B, Util"
Alex Cobb,Detroit Tigers,"SP, P"
DJ LeMahieu,New York Yankees,"1B, 3B, Util"
Paul Goldschmidt,New York Yankees,"1B, Util"
Jose Altuve,Houston Astros,"2B, Util"
J.D. Martinez,New York Mets,"Util, NA"
Nathan Eovaldi,Texas Rangers,"SP, P"
Salvador Perez,Kansas City Royals,"C, 1B, Util"
Liam Hendriks,Boston Red Sox,"RP, P"
Yu Darvish,San Diego Padres,"SP, P"
Travis d'Arnaud,Los Angeles Angels,"C, Util"
Gary Sánchez,Baltimore Orioles,"C, Util"
Jon Singleton,Houston Astros,"1B, Util"
Nolan Arenado,St. Louis Cardinals,"3B, Util"
Anthony Rendon,Los Angeles Angels,"3B, Util"
Nick Castellanos,Philadelphia Phillies,"OF, Util"
Manny Machado,San Diego Padres,"3B, Util"
Jurickson Profar,Atlanta Braves,"OF, Util"
Francisco Lindor,New York Mets,"SS, Util"
Starling Marte,New York Mets,"OF, Util"
Gerrit Cole,New York Yankees,"SP, P"
Jameson Taillon,Chicago Cubs,"SP, P"
Zack Wheeler,Philadelphia Phillies,"SP, P"
Miles Mikolas,St. Louis Cardinals,"SP, P"
Donovan Solano,Seattle Mariners,"1B, 3B, Util"
Jorge Soler,Los Angeles Angels,"OF, Util"
Justin Wilson,Boston Red Sox,"RP, P"
Xander Bogaerts,San Diego Padres,"2B, SS, Util"
Christian Yelich,Milwaukee Brewers,"OF, Util"
Taijuan Walker,Philadelphia Phillies,"SP, P"
Michael Wacha,Kansas City Royals,"SP, P"
Kevin Gausman,Toronto Blue Jays,"SP, P"
Austin Hedges,Cleveland Guardians,"C, Util"
George Springer,Toronto Blue Jays,"OF, Util"
T.J. McFarland,Athletics,"RP, P"
Ryan Pressly,Chicago Cubs,"RP, P"
Marcell Ozuna,Atlanta Braves,"OF, Util"
Ryan Brasier,Chicago Cubs,"SP, RP, P"
Caleb Thielbar,Chicago Cubs,"RP, P"
Joc Pederson,Texas Rangers,"OF, Util"
Michael Tonkin,Minnesota Twins,"RP, P"
Sonny Gray,St. Louis Cardinals,"SP, P"
Wilmer Flores,San Francisco Giants,"1B, Util"
José Ramírez,Cleveland Guardians,"3B, Util"
Marcus Semien,Texas Rangers,"2B, Util"
Eduardo Rodriguez,Arizona Diamondbacks,"SP, P"
Hunter Harvey,Kansas City Royals,"RP, P"
Mookie Betts,Los Angeles Dodgers,"2B, SS, OF, Util"
Javier Báez,Detroit Tigers,"SS, Util"
Kris Bryant,Colorado Rockies,"1B, OF, Util"
Pierce Johnson,Atlanta Braves,"RP, P"
Jesse Winker,New York Mets,"OF, Util"
Robert Stephenson,Los Angeles Angels,"RP, P"
Jon Gray,Texas Rangers,"SP, P"
Tom Murphy,San Francisco Giants,"C, Util"
Trevor Story,Boston Red Sox,"SS, Util"
Carlos Correa,Minnesota Twins,"SS, Util"
Lance McCullers Jr.,Houston Astros,"SP, P"
Sean Manaea,New York Mets,"SP, P"
Corey Seager,Texas Rangers,"SS, Util"
Andrew Heaney,Texas Rangers,"SP, P, NA"
Byron Buxton,Minnesota Twins,"CF, OF, Util"
Steven Matz,St. Louis Cardinals,"SP, RP, P"
Matt Olson,Atlanta Braves,"1B, Util"
Max Muncy,Los Angeles Dodgers,"3B, Util"
J.P. Crawford,Seattle Mariners,"SS, Util"
Tyler Glasnow,Los Angeles Dodgers,"SP, P"
Max Fried,New York Yankees,"SP, P"
Marcus Stroman,New York Yankees,"SP, P"
Lucas Giolito,Boston Red Sox,"SP, P"
Nick Martinez,Cincinnati Reds,"SP, RP, P"
Tommy Kahnle,Detroit Tigers,"RP, P"
Blake Treinen,Los Angeles Dodgers,"RP, P"
Chris Martin,Texas Rangers,"RP, P"
Randal Grichuk,Arizona Diamondbacks,"OF, Util"
Robbie Ray,San Francisco Giants,"SP, P"
Jacob deGrom,Texas Rangers,"SP, P"
J.T. Realmuto,Philadelphia Phillies,"C, Util"
Eugenio Suárez,Arizona Diamondbacks,"3B, Util"
Miguel Rojas,Los Angeles Dodgers,"2B, 3B, SS, Util"
Kirby Yates,Los Angeles Dodgers,"RP, P"
Jorge Polanco,Seattle Mariners,"2B, Util"
Kyle Hendricks,Los Angeles Angels,"SP, RP, P"
Christian Vázquez,Minnesota Twins,"C, Util"
Chris Taylor,Los Angeles Dodgers,"2B, 3B, OF, Util"
Chris Bassitt,Toronto Blue Jays,"SP, P"
Yimi García,Toronto Blue Jays,"RP, P"
Carlos Rodón,New York Yankees,"SP, P"
Tommy Pham,Pittsburgh Pirates,"CF, OF, Util"
Danny Coulombe,Minnesota Twins,"RP, P"
Christian Walker,Houston Astros,"1B, Util"
Rob Refsnyder,Boston Red Sox,"CF, OF, Util"
Manuel Margot,Los Angeles Dodgers,"CF, OF, Util, NA"
Kyle Schwarber,Philadelphia Phillies,"OF, Util"
Kyle Freeland,Colorado Rockies,"SP, P"
Derek Hill,Miami Marlins,"CF, OF, Util"
Orlando Arcia,Atlanta Braves,"SS, Util"
José Berríos,Toronto Blue Jays,"SP, P"
Michael Conforto,Los Angeles Dodgers,"OF, Util"
Brandon Nimmo,New York Mets,"CF, OF, Util"
Aaron Judge,New York Yankees,"CF, OF, Util"
Luis Severino,Athletics,"SP, P"
Ben Lively,Cleveland Guardians,"SP, P"
Aaron Nola,Philadelphia Phillies,"SP, P"
Josh Bell,Washington Nationals,"1B, Util"
Hunter Renfroe,Kansas City Royals,"OF, Util"
Willy Adames,San Francisco Giants,"SS, Util"
Jeff Hoffman,Toronto Blue Jays,"RP, P"
Yoán Moncada,Los Angeles Angels,"3B, Util"
Raisel Iglesias,Atlanta Braves,"RP, P"
Michael Lorenzen (Pitcher),Kansas City Royals,"SP, RP, P"
Austin Barnes,Los Angeles Dodgers,"C, Util"
Joe Ross,Philadelphia Phillies,"SP, RP, P"
Gio Urshela,Athletics,"1B, 3B, Util"
Matthew Boyd,Chicago Cubs,"SP, P"
Frankie Montas Jr.,New York Mets,"SP, P"
Tyler Anderson,Los Angeles Angels,"SP, P"
Ketel Marte,Arizona Diamondbacks,"2B, Util"
Shawn Armstrong,Texas Rangers,"SP, RP, P"
Colin Rea,Chicago Cubs,"SP, RP, P"
Trea Turner,Philadelphia Phillies,"SS, Util"
Elias Díaz,San Diego Padres,"C, Util"
Max Kepler,Philadelphia Phillies,"OF, Util"
Jorge López,Washington Nationals,"RP, P"
Kenta Maeda,Detroit Tigers,"SP, RP, P"
Mike Yastrzemski,San Francisco Giants,"CF, OF, Util"
Josh Hader,Houston Astros,"RP, P"
Taylor Rogers,Cincinnati Reds,"RP, P"
Zach Eflin,Baltimore Orioles,"SP, P"
Trevor Williams,Washington Nationals,"SP, P"
Blake Snell,Los Angeles Dodgers,"SP, P"
Reynaldo López,Atlanta Braves,"SP, P"
Andrew Benintendi,Chicago White Sox,"OF, Util"
Willson Contreras,St. Louis Cardinals,"C, Util"
Ryan McMahon,Colorado Rockies,"3B, Util"
Antonio Senzatela,Colorado Rockies,"SP, P"
Sam Moll,Cincinnati Reds,"RP, P"
Alex Bregman,Houston Astros,"3B, Util, NA"
Joe Musgrove,San Diego Padres,"SP, P"
Tyrone Taylor,New York Mets,"CF, OF, Util"
Tyler Wade,San Diego Padres,"2B, 3B, SS, OF, Util"
Matt Chapman,San Francisco Giants,"3B, Util"
Edwin Díaz,New York Mets,"RP, P"
Tyler O'Neill,Baltimore Orioles,"OF, Util"
Luke Weaver,New York Yankees,"RP, P"
Victor Robles,Seattle Mariners,"CF, OF, Util"
Erick Fedde,St. Louis Cardinals,"SP, P"
Tyler Jay,Milwaukee Brewers,"RP, P, NA"
Amed Rosario,Washington Nationals,"2B, 3B, SS, OF, Util"
Dansby Swanson,Chicago Cubs,"SS, Util"
Rafael Devers,Boston Red Sox,"3B, Util"
Gleyber Torres,Detroit Tigers,"2B, Util"
Ozzie Albies,Atlanta Braves,"2B, Util"
Jorge Mateo,Baltimore Orioles,"2B, Util"
Derek Law,Washington Nationals,"RP, P"
Carlos Estévez,Kansas City Royals,"RP, P"
Ben Gamel,Houston Astros,"OF, Util"
Albert Suárez,Baltimore Orioles,"SP, RP, P"
Chad Green,Toronto Blue Jays,"RP, P"
Chris Stratton,Kansas City Royals,"RP, P"
Jacob Stallings,Colorado Rockies,"C, Util"
Adam Frazier,Pittsburgh Pirates,"2B, 3B, OF, Util"
Brock Stewart,Minnesota Twins,"RP, P"
Seth Lugo,Kansas City Royals,"SP, P"
Jeimer Candelario,Cincinnati Reds,"1B, 3B, Util"
José Leclerc,Athletics,"RP, P"
Matt Strahm,Philadelphia Phillies,"RP, P"
Teoscar Hernández,Los Angeles Dodgers,"OF, Util"
Mitch Haniger,Seattle Mariners,"OF, Util"
Brent Suter,Cincinnati Reds,"SP, RP, P"
Rob Zastryzny,Chicago Cubs,"SP, RP, P, NA"
Wandy Peralta,San Diego Padres,"RP, P"
Joe Mantiply,Arizona Diamondbacks,"RP, P"
Carson Kelly,Chicago Cubs,"C, Util"
Germán Márquez,Colorado Rockies,"SP, P"
Michael Kopech,Los Angeles Dodgers,"RP, P"
Anthony Banda,Los Angeles Dodgers,"RP, P"
Austin Riley,Atlanta Braves,"3B, Util"
Michael Soroka,Washington Nationals,"SP, RP, P"
Ian Anderson,Atlanta Braves,"SP, P"
Joey Wentz,Pittsburgh Pirates,"RP, P"
Ryan Mountcastle,Baltimore Orioles,"1B, Util"
Keegan Akin,Baltimore Orioles,"RP, P"
Tanner Scott,Los Angeles Dodgers,"RP, P"
Dylan Cease,San Diego Padres,"SP, P"
Eloy Jiménez,Tampa Bay Rays,"OF, Util, NA"
Ian Happ,Chicago Cubs,"OF, Util"
Bryan Hudson,Milwaukee Brewers,"RP, P"
Dane Dunning,Texas Rangers,"SP, RP, P"
Tyler Mahle,Texas Rangers,"SP, P"
Tyler Stephenson,Cincinnati Reds,"C, Util"
Triston McKenzie,Cleveland Guardians,"SP, P"
Nolan Jones,Colorado Rockies,"OF, Util"
Will Benson,Cincinnati Reds,"CF, OF, Util"
Yandy Díaz,Tampa Bay Rays,"1B, Util"
Joe Jiménez,Atlanta Braves,"RP, P"
Matt Manning,Detroit Tigers,"SP, P"
José Azocar,New York Mets,"CF, OF, Util"
Garrett Stubbs,Philadelphia Phillies,"C, Util"
Forrest Whitley,Houston Astros,"RP, P"
Kyle Tucker,Chicago Cubs,"OF, Util"
Daz Cameron,Baltimore Orioles,"CF, OF, Util"
Ryan O'Hearn,Baltimore Orioles,"1B, OF, Util"
Taylor Ward,Los Angeles Angels,"OF, Util"
Matt Thaiss,Chicago White Sox,"C, Util"
Brandon Marsh,Philadelphia Phillies,"CF, OF, Util"
Cody Bellinger,New York Yankees,"1B, CF, OF, Util"
Alex Verdugo,New York Yankees,"OF, Util, NA"
Walker Buehler,Boston Red Sox,"SP, P"
Gavin Lux,Cincinnati Reds,"2B, Util"
Braxton Garrett,Miami Marlins,"SP, P"
Luis Castillo,Seattle Mariners,"SP, P"
Stone Garrett,Washington Nationals,"OF, Util"
Trent Grisham,New York Yankees,"CF, OF, Util"
Mauricio Dubón,Houston Astros,"1B, 2B, 3B, CF, OF, Util"
Ben Rortvedt,Tampa Bay Rays,"C, Util"
Miguel Andujar,Athletics,"OF, Util"
A.J. Puk,Arizona Diamondbacks,"SP, RP, P"
Grant Holmes,Atlanta Braves,"SP, RP, P"
Rhys Hoskins,Milwaukee Brewers,"1B, Util"
Mickey Moniak,Los Angeles Angels,"CF, OF, Util"
Scott Kingery,Los Angeles Angels,"2B, SS, Util"
Kevin Newman,Los Angeles Angels,"1B, 2B, SS, Util"
Mitch Keller,Pittsburgh Pirates,"SP, P"
Ke'Bryan Hayes,Pittsburgh Pirates,"3B, Util"
Clay Holmes,New York Mets,"RP, P"
Josh Naylor,Arizona Diamondbacks,"1B, Util"
Adrian Morejon,San Diego Padres,"RP, P"
Chris Paddack,Minnesota Twins,"SP, P"
Bryan Reynolds,Pittsburgh Pirates,"CF, OF, Util"
Harrison Bader,Minnesota Twins,"CF, OF, Util"
Jack Flaherty,Detroit Tigers,"SP, P"
Edmundo Sosa,Philadelphia Phillies,"2B, 3B, SS, Util"
Sandy Alcantara,Miami Marlins,"SP, P"
Josh Lowe,Tampa Bay Rays,"CF, OF, Util"
Ryne Stanek,New York Mets,"RP, P"
Andy Ibáñez,Detroit Tigers,"1B, 2B, 3B, Util"
Leody Taveras,Texas Rangers,"CF, OF, Util"
Cole Ragans,Kansas City Royals,"SP, P"
Lourdes Gurriel Jr.,Arizona Diamondbacks,"OF, Util"
Sean Reid-Foley,New York Mets,"RP, P"
Vladimir Guerrero Jr.,Toronto Blue Jays,"1B, 3B, Util"
Juan Soto,New York Mets,"OF, Util"
Jesús Luzardo,Philadelphia Phillies,"SP, P"
Fernando Tatis Jr.,San Diego Padres,"OF, Util"
Will Smith,Los Angeles Dodgers,"C, Util"
Dylan Carlson,Baltimore Orioles,"CF, OF, Util"
Cionel Pérez,Baltimore Orioles,"RP, P"
Ronald Acuña Jr.,Atlanta Braves,"OF, Util"
Paul Sewald,Cleveland Guardians,"RP, P"
Lucas Erceg,Kansas City Royals,"RP, P"
Jordan Montgomery,Arizona Diamondbacks,"SP, P"
Dylan Covey,New York Mets,"RP, P, NA"
Anthony Santander,Toronto Blue Jays,"OF, Util"
Luis Torrens,New York Mets,"C, Util"
Kyle Higashioka,Texas Rangers,"C, Util"
Mark Leiter Jr.,New York Yankees,"RP, P"
Nick Pivetta,Boston Red Sox,"SP, P, NA"
Emilio Pagán,Cincinnati Reds,"RP, P"
José Alvarado,Philadelphia Phillies,"RP, P"
Paul DeJong,Chicago White Sox,"3B, SS, Util, NA"
Austin Slater,Chicago White Sox,"CF, OF, Util"
Brandon Woodruff,Milwaukee Brewers,"SP, P"
Hoby Milner,Texas Rangers,"RP, P"
Mike Tauchman,Chicago White Sox,"CF, OF, Util"
Victor Caratini,Houston Astros,"C, 1B, Util"
Paul Blackburn,New York Mets,"SP, P"
Andrew Kittredge,Baltimore Orioles,"RP, P"
Luis Robert Jr.,Chicago White Sox,"CF, OF, Util"
Bo Bichette,Toronto Blue Jays,"SS, Util"
José Ruiz,Philadelphia Phillies,"RP, P"
Aaron Bummer,Atlanta Braves,"RP, P"
Kyle Farmer,Colorado Rockies,"2B, 3B, SS, Util"
Tim Mayza,Pittsburgh Pirates,"RP, P"
Mitch Garver,Seattle Mariners,"C, Util"
A.J. Minter,New York Mets,"RP, P"
Austin Hays,Cincinnati Reds,"OF, Util"
Jazz Chisholm Jr.,New York Yankees,"3B, CF, OF, Util"
Pavin Smith,Arizona Diamondbacks,"1B, OF, Util"
Daulton Varsho,Toronto Blue Jays,"CF, OF, Util"
Bryse Wilson,Chicago White Sox,"SP, RP, P"
Kyle Wright,Kansas City Royals,"SP, P"
DL Hall,Milwaukee Brewers,"SP, RP, P"
Cedric Mullins,Baltimore Orioles,"CF, OF, Util"
Tanner Houck,Boston Red Sox,"SP, P"
Alex Lange,Detroit Tigers,"RP, P"
Brendon Little,Toronto Blue Jays,"RP, P"
Hunter Greene,Cincinnati Reds,"SP, P"
Tony Santillan,Cincinnati Reds,"RP, P"
Jose Siri,New York Mets,"CF, OF, Util"
Taylor Trammell,Houston Astros,"OF, Util"
Shane Bieber,Cleveland Guardians,"SP, P"
Willi Castro,Minnesota Twins,"2B, 3B, SS, CF, OF, Util"
Aaron Civale,Milwaukee Brewers,"SP, P"
Jake Burger,Texas Rangers,"1B, 3B, Util"
Alex Faedo,Tampa Bay Rays,"SP, RP, P"
Isaac Paredes,Houston Astros,"1B, 3B, Util"
Gregory Soto,Baltimore Orioles,"RP, P"
Yordan Alvarez,Houston Astros,"OF, Util"
JB Bukauskas,Milwaukee Brewers,"RP, P, NA"
MJ Melendez,Kansas City Royals,"OF, Util"
Nick Pratto,Kansas City Royals,"1B, Util"
Jo Adell,Los Angeles Angels,"OF, Util"
Griffin Canning,New York Mets,"SP, P"
Dustin May,Los Angeles Dodgers,"SP, P"
Keibert Ruiz,Washington Nationals,"C, Util"
Jake Rogers,Detroit Tigers,"C, Util"
Dennis Santana,Pittsburgh Pirates,"RP, P"
Edward Cabrera,Miami Marlins,"SP, P"
Trevor Rogers,Baltimore Orioles,"SP, P"
Corbin Burnes,Arizona Diamondbacks,"SP, P"
Royce Lewis,Minnesota Twins,"3B, Util"
Brent Rooker,Athletics,"OF, Util"
Pete Alonso,New York Mets,"1B, Util"
Andrés Giménez,Toronto Blue Jays,"2B, Util"
David Peterson,New York Mets,"SP, P"
Mark Vientos,New York Mets,"3B, Util"
Thairo Estrada,Colorado Rockies,"2B, Util"
Clarke Schmidt,New York Yankees,"SP, P"
Sean Murphy,Atlanta Braves,"C, Util"
JoJo Romero,St. Louis Cardinals,"RP, P"
Shane Baz,Tampa Bay Rays,"SP, P"
MacKenzie Gore,Washington Nationals,"SP, P"
Heliot Ramos,San Francisco Giants,"CF, OF, Util"
Ryan Helsley,St. Louis Cardinals,"RP, P"
Jordan Hicks,San Francisco Giants,"SP, RP, P"
Jesús Sánchez,Miami Marlins,"CF, OF, Util"
Hans Crouse,Los Angeles Angels,"RP, P"
Danny Jansen,Tampa Bay Rays,"C, Util"
Nate Pearson,Chicago Cubs,"RP, P"
Luis García Jr.,Washington Nationals,"2B, Util"
Nestor Cortes,Milwaukee Brewers,"SP, P"
Tyler Kinley,Colorado Rockies,"RP, P"
Tim Hill,New York Yankees,"RP, P"
Isiah Kiner-Falefa,Pittsburgh Pirates,"2B, 3B, SS, Util"
Justin Anderson,Chicago White Sox,"RP, P"
Austin Gomber,Colorado Rockies,"SP, P"
Jason Adam,San Diego Padres,"RP, P"
Seranthony Domínguez,Baltimore Orioles,"RP, P"
Freddy Peralta,Milwaukee Brewers,"SP, P"
Zack Littell,Tampa Bay Rays,"SP, P"
Caleb Ferguson,Pittsburgh Pirates,"RP, P"
Jonathan Loáisiga,New York Yankees,"RP, P"
Jose Trevino,Cincinnati Reds,"C, Util"
Evan Phillips,Los Angeles Dodgers,"RP, P"
Pablo López,Minnesota Twins,"SP, P"
Matt Festa,Texas Rangers,"RP, P, NA"
Miguel Amaya,Chicago Cubs,"C, Util"
Eric Haase,Milwaukee Brewers,"C, Util"
Jesús Tinoco,Miami Marlins,"RP, P"
Casey Mize,Detroit Tigers,"SP, P"
Nathaniel Lowe,Washington Nationals,"1B, Util"
Joey Bart,Pittsburgh Pirates,"C, Util"
Randy Arozarena,Seattle Mariners,"CF, OF, Util"
Brusdar Graterol,Los Angeles Dodgers,"RP, P"
Zac Gallen,Arizona Diamondbacks,"SP, P"
Ranger Suárez,Philadelphia Phillies,"SP, P"
Jeff McNeil,New York Mets,"2B, OF, Util"
Jeffrey Springs,Athletics,"SP, P"
Ramón Laureano,Baltimore Orioles,"CF, OF, Util"
Brandon Lowe,Tampa Bay Rays,"1B, 2B, Util"
Adolis García,Texas Rangers,"OF, Util"
Framber Valdez,Houston Astros,"SP, P"
Ryan Burr,Toronto Blue Jays,"SP, RP, P"
Ian Hamilton,New York Yankees,"RP, P"
John Means,Baltimore Orioles,"SP, P, NA"
Jon Berti,Chicago Cubs,"3B, Util"
Dylan Moore,Seattle Mariners,"1B, 2B, 3B, SS, OF, Util"
LaMonte Wade Jr.,San Francisco Giants,"1B, OF, Util"
Julian Merryweather,Chicago Cubs,"RP, P"
Joel Payamps,Milwaukee Brewers,"RP, P"
Jacob Webb,Texas Rangers,"RP, P"
Justin Steele,Chicago Cubs,"SP, P"
Jimmy Herget,Colorado Rockies,"RP, P"
Sam Hentges,Cleveland Guardians,"RP, P"
Sam Hilliard,Colorado Rockies,"CF, OF, Util"
Justin Lawrence,Colorado Rockies,"RP, P"
Bryan Abreu,Houston Astros,"RP, P"
Luis Rengifo,Los Angeles Angels,"2B, 3B, Util"
José Suarez,Los Angeles Angels,"SP, RP, P"
Josh Sborz,Texas Rangers,"RP, P"
José Quijada,Los Angeles Angels,"RP, P"
Luis Arraez,San Diego Padres,"1B, 2B, Util"
JT Brubaker,New York Yankees,"SP, P"
Pedro Avila,Cleveland Guardians,"RP, P, NA"
Logan Webb,San Francisco Giants,"SP, P"
Erik Swanson,Toronto Blue Jays,"RP, P"
Lane Thomas,Cleveland Guardians,"CF, OF, Util"
Ramón Urías,Baltimore Orioles,"3B, Util"
Brock Burke,Los Angeles Angels,"RP, P"
Trent Thornton,Seattle Mariners,"RP, P"
Jacob Waguespack,Tampa Bay Rays,"RP, P"
Merrill Kelly,Arizona Diamondbacks,"SP, P"
Jordan Romano,Philadelphia Phillies,"RP, P"
Reed Garrett,New York Mets,"RP, P"
Yusei Kikuchi,Los Angeles Angels,"SP, P"
Jake McCarthy,Arizona Diamondbacks,"CF, OF, Util"
Alek Thomas,Arizona Diamondbacks,"CF, OF, Util"
William Contreras,Milwaukee Brewers,"C, Util"
Drew Waters,Kansas City Royals,"CF, OF, Util"
Grayson Rodriguez,Baltimore Orioles,"SP, P"
Triston Casas,Boston Red Sox,"1B, Util"
Nico Hoerner,Chicago Cubs,"2B, SS, Util"
Keegan Thompson,Chicago Cubs,"RP, P"
Stuart Fairchild,Cincinnati Reds,"CF, OF, Util"
TJ Friedl,Cincinnati Reds,"CF, OF, Util"
Jonathan India,Kansas City Royals,"2B, Util"
Michael Siani,St. Louis Cardinals,"CF, OF, Util"
Bo Naylor,Cleveland Guardians,"C, Util"
Nick Madrigal,New York Mets,"2B, 3B, Util"
Kody Clemens,Philadelphia Phillies,"1B, 3B, Util"
Parker Meadows,Detroit Tigers,"CF, OF, Util"
Cristian Javier,Houston Astros,"SP, P"
Kris Bubic,Kansas City Royals,"RP, P"
Jackson Kowar,Seattle Mariners,"RP, P"
Daniel Lynch IV,Kansas City Royals,"SP, RP, P"
Brady Singer,Cincinnati Reds,"SP, P"
Leo Rivas,Seattle Mariners,"2B, SS, Util"
José Soriano,Los Angeles Angels,"SP, P"
Livan Soto,Baltimore Orioles,"Util, NA"
Diego Cartaya,Minnesota Twins,"C, Util"
Tony Gonsolin,Los Angeles Dodgers,"SP, P"
Michael Grove,Los Angeles Dodgers,"RP, P"
Brice Turang,Milwaukee Brewers,"2B, Util"
Jorge Alcala,Minnesota Twins,"RP, P"
Trevor Larnach,Minnesota Twins,"OF, Util"
Luke Raley,Seattle Mariners,"1B, CF, OF, Util"
Francisco Alvarez,New York Mets,"C, Util"
Ronny Mauricio,New York Mets,"2B, Util"
Luis Medina,Athletics,"SP, P"
Trevor Stephan,Cleveland Guardians,"RP, P"
Garrett Whitlock,Boston Red Sox,"SP, P"
Nick Allen,Atlanta Braves,"SS, Util"
Alec Bohm,Philadelphia Phillies,"1B, 3B, Util"
Oneil Cruz,Pittsburgh Pirates,"SS, CF, OF, Util"
Braxton Ashcraft,Pittsburgh Pirates,"SP, P"
Xavier Edwards,Miami Marlins,"SS, Util"
Tirso Ornelas,San Diego Padres,"OF, Util"
Esteury Ruiz,Athletics,"CF, OF, Util"
Ryan Weathers,Miami Marlins,"SP, P"
Logan Gilbert,Seattle Mariners,"SP, P"
Jarred Kelenic,Atlanta Braves,"CF, OF, Util"
Julio Rodríguez,Seattle Mariners,"CF, OF, Util"
Alexander Canario,Chicago Cubs,"OF, Util"
Sean Hjelle,San Francisco Giants,"RP, P"
Marco Luciano,San Francisco Giants,"2B, SS, Util"
Luken Baker,St. Louis Cardinals,"1B, Util"
Nolan Gorman,St. Louis Cardinals,"2B, Util"
Vidal Bruján,Chicago Cubs,"2B, 3B, SS, CF, OF, Util"
Matthew Liberatore,St. Louis Cardinals,"SP, RP, P"
Shane McClanahan,Tampa Bay Rays,"SP, P"
Tyler Phillips,Philadelphia Phillies,"SP, P"
Eli White,Atlanta Braves,"CF, OF, Util"
Owen White,New York Yankees,"RP, P"
Cole Winn,Texas Rangers,"RP, P"
Orelvis Martinez,Toronto Blue Jays,"2B, Util"
Blaze Alexander,Arizona Diamondbacks,"2B, 3B, SS, Util"
Geraldo Perdomo,Arizona Diamondbacks,"SS, Util"
Tristan Beck,San Francisco Giants,"RP, P"
Brenan Hanifee,Detroit Tigers,"SP, RP, P"
Dean Kremer,Baltimore Orioles,"SP, P"
Kutter Crawford,Boston Red Sox,"SP, P"
Jhonathan Díaz,Seattle Mariners,"P, NA"
Jhonny Pereda,Athletics,"C, Util"
Nelson Velázquez,Kansas City Royals,"OF, Util"
Lyon Richardson,Cincinnati Reds,"RP, P, NA"
Eli Morgan,Chicago Cubs,"RP, P"
Brayan Rocchio,Cleveland Guardians,"SS, Util"
Carlos Hernández,Kansas City Royals,"RP, P"
Kyle Isbel,Kansas City Royals,"CF, OF, Util"
Blake Perkins,Milwaukee Brewers,"CF, OF, Util"
Emmanuel Rivera,Baltimore Orioles,"1B, 3B, Util, NA"
Patrick Sandoval,Boston Red Sox,"SP, P"
Josiah Gray,Washington Nationals,"SP, P"
Edwin Uceta,Tampa Bay Rays,"RP, P"
Connor Wong,Boston Red Sox,"C, 1B, Util"
Aaron Ashby,Milwaukee Brewers,"RP, P"
Carlos Rodríguez,Atlanta Braves,"OF, Util"
Jhoan Duran,Minnesota Twins,"RP, P"
Jose Miranda,Minnesota Twins,"1B, 3B, Util"
Simeon Woods Richardson,Minnesota Twins,"SP, P"
Everson Pereira,New York Yankees,"OF, Util"
Gabriel Arias,Cleveland Guardians,"3B, SS, Util"
Andrés Muñoz,Seattle Mariners,"RP, P"
Luis Campusano,San Diego Padres,"C, Util"
Noelvi Marte,Cincinnati Reds,"3B, Util"
Cal Raleigh,Seattle Mariners,"C, Util"
Camilo Doval,San Francisco Giants,"RP, P"
Gregory Santos,Seattle Mariners,"RP, P"
Michael Mercado,Philadelphia Phillies,"SP, RP, P"
Tobias Myers,Milwaukee Brewers,"SP, P"
Mason Englert,Detroit Tigers,"RP, P"
Jonathan Ornelas,Texas Rangers,"3B, Util"
Griffin Conine,Miami Marlins,"OF, Util"
Santiago Espinal,Cincinnati Reds,"2B, 3B, Util"
Leo Jiménez,Toronto Blue Jays,"2B, SS, Util"
Jake Irvin,Washington Nationals,"SP, P"
Jake Fraley,Cincinnati Reds,"OF, Util"
Brewer Hicklen,Milwaukee Brewers,"OF, Util"
Tayler Scott,Houston Astros,"RP, P"
Tommy Edman,Los Angeles Dodgers,"SS, CF, OF, Util"
Pete Fairbanks,Tampa Bay Rays,"RP, P"
Josh Rojas,Chicago White Sox,"2B, 3B, Util"
Emmanuel Clase,Cleveland Guardians,"RP, P"
Kevin Ginkel,Arizona Diamondbacks,"RP, P"
Devin Williams,New York Yankees,"RP, P"
John Schreiber,Kansas City Royals,"RP, P"
Seth Brown,Athletics,"1B, OF, Util"
Tyler Rogers,San Francisco Giants,"RP, P"
David Bednar,Pittsburgh Pirates,"RP, P"
Cole Sulser,Tampa Bay Rays,"RP, P"
Tyler Heineman,Toronto Blue Jays,"C, Util"
Gabe Speier,Seattle Mariners,"RP, P"
Michael King,San Diego Padres,"SP, P"
Jonah Heim,Texas Rangers,"C, Util"
Angel Perdomo,Atlanta Braves,"RP, P"
Luis Gil,New York Yankees,"SP, P"
Jake Cronenworth,San Diego Padres,"1B, 2B, Util"
Tyson Miller,Chicago Cubs,"RP, P"
Manuel Rodríguez,Tampa Bay Rays,"RP, P"
Zach McKinstry,Detroit Tigers,"2B, 3B, SS, OF, Util"
Garrett Cleavinger,Tampa Bay Rays,"RP, P"
Cristopher Sánchez,Philadelphia Phillies,"SP, P"
Kyle Finnegan,Washington Nationals,"RP, P, NA"
Trevor Megill,Milwaukee Brewers,"RP, P"
Corbin Carroll,Arizona Diamondbacks,"CF, OF, Util"
Drey Jameson,Arizona Diamondbacks,"RP, P"
Blake Walston,Arizona Diamondbacks,"RP, P"
Shea Langeliers,Athletics,"C, Util"
Braden Shewmake,New York Yankees,"2B, 3B, SS, Util"
Gunnar Henderson,Baltimore Orioles,"SS, Util"
Adley Rutschman,Baltimore Orioles,"C, Util"
Kyle Stowers,Miami Marlins,"CF, OF, Util"
Jarren Duran,Boston Red Sox,"CF, OF, Util"
Matt Lugo,Los Angeles Angels,"OF, Util"
Christopher Morel,Tampa Bay Rays,"2B, 3B, CF, OF, Util"
Tyler Callihan,Cincinnati Reds,"2B, Util"
Rece Hinds,Cincinnati Reds,"OF, Util"
Nick Lodolo,Cincinnati Reds,"SP, P"
Daniel Espino,Cleveland Guardians,"SP, P, IL"
Tyler Freeman,Cleveland Guardians,"SS, CF, OF, Util"
Aaron Schunk,Colorado Rockies,"2B, 3B, Util"
Michael Toglia,Colorado Rockies,"1B, OF, Util"
Riley Greene,Detroit Tigers,"CF, OF, Util"
Wenceel Pérez,Detroit Tigers,"CF, OF, Util"
Tarik Skubal,Detroit Tigers,"SP, P"
Grae Kessinger,Arizona Diamondbacks,"2B, 3B, Util"
Korey Lee,Chicago White Sox,"C, Util"
Jeremy Peña,Houston Astros,"SS, Util"
Jonathan Bowlan,Kansas City Royals,"SP, P"
Bobby Witt Jr.,Kansas City Royals,"SS, Util"
Jack Kochanowicz,Los Angeles Angels,"SP, P"
Kyren Paris,Los Angeles Angels,"2B, Util"
Jacob Amaya,Chicago White Sox,"SS, Util"
Michael Busch,Chicago Cubs,"1B, Util"
Miguel Vargas,Chicago White Sox,"3B, OF, Util"
JJ Bleday,Athletics,"CF, OF, Util"
Jerar Encarnación,San Francisco Giants,"OF, Util"
Kameron Misner,Tampa Bay Rays,"OF, Util"
Nasim Nuñez,Washington Nationals,"SS, Util"
Drew Rasmussen,Tampa Bay Rays,"SP, RP, P"
Matt Canterino,Minnesota Twins,"SP, P, IL"
Ryan Jeffers,Minnesota Twins,"C, Util"
Matt Wallner,Minnesota Twins,"OF, Util"
Brett Baty,New York Mets,"3B, Util"
Dedniel Núñez,New York Mets,"RP, P"
Kevin Alcántara,Chicago Cubs,"OF, Util"
Roansy Contreras,New York Yankees,"SP, RP, P"
Jasson Domínguez,New York Yankees,"CF, OF, Util"
Yoendrys Gómez,New York Yankees,"RP, P"
Anthony Volpe,New York Yankees,"SS, Util"
Logan Davidson,Athletics,"2B, 3B, SS, OF, Util, NA"
Rafael Marchán,Philadelphia Phillies,"C, Util"
Erik Miller,San Francisco Giants,"SP, RP, P"
Bryson Stott,Philadelphia Phillies,"2B, SS, Util"
Ji Hwan Bae,Pittsburgh Pirates,"CF, OF, Util"
Cody Bolton,Seattle Mariners,"RP, P"
Quinn Priester,Boston Red Sox,"SP, P"
CJ Abrams,Washington Nationals,"SS, Util"
Joey Cantillo,Cleveland Guardians,"SP, P"
George Kirby,Seattle Mariners,"SP, P"
Brandon Williamson,Cincinnati Reds,"SP, P"
Iván Herrera,St. Louis Cardinals,"C, Util"
Johan Oviedo,Pittsburgh Pirates,"SP, P"
Zack Thompson,St. Louis Cardinals,P
Seth Johnson,Philadelphia Phillies,"SP, P"
Greg Jones,Colorado Rockies,"OF, Util"
Riley O'Brien,St. Louis Cardinals,"RP, P"
Joe Ryan,Minnesota Twins,"SP, P"
Max Acosta,Miami Marlins,"SS, Util"
Sam Huff,San Francisco Giants,"C, Util"
Josh Jung,Texas Rangers,"3B, Util"
Alejandro Kirk,Toronto Blue Jays,"C, Util"
Alek Manoah,Toronto Blue Jays,"SP, P"
Gabriel Moreno,Arizona Diamondbacks,"C, Util"
Joan Adon,Washington Nationals,"RP, P, NA"
Andry Lara,Washington Nationals,"SP, P"
Jackson Rutledge,Washington Nationals,"SP, P"
Andrew Vaughn,Chicago White Sox,"1B, Util"
Luis Matos,San Francisco Giants,"CF, OF, Util"
Alex Ramírez,New York Mets,"CF, OF, Util, NA"
Luisangel Acuña,New York Mets,"SS, Util"
Liover Peguero,Pittsburgh Pirates,"2B, SS, Util"
Ezequiel Duran,Texas Rangers,"1B, 3B, SS, OF, Util"
Ryan Thompson,Arizona Diamondbacks,"RP, P"
Taylor Walls,Tampa Bay Rays,"SS, Util"
Ernie Clement,Toronto Blue Jays,"3B, SS, Util"
Kyle Nelson,Arizona Diamondbacks,"RP, P"
Nick Sandlin,Toronto Blue Jays,"RP, P"
Shawn Dubin,Houston Astros,"RP, P"
Luis Garcia,Houston Astros,"SP, P"
Chas McCormick,Houston Astros,"CF, OF, Util"
Jake Meyers,Houston Astros,"CF, OF, Util"
Spencer Torkelson,Detroit Tigers,"1B, Util"
Alex Vesia,Los Angeles Dodgers,"RP, P"
Reid Detmers,Los Angeles Angels,"SP, P"
Dillon Dingler,Detroit Tigers,"C, Util"
Tyler Zuber,New York Mets,"RP, P"
Bryce Jarvis,Arizona Diamondbacks,"RP, P"
Tommy Henry,Arizona Diamondbacks,"SP, P"
Dominic Fletcher,Chicago White Sox,"CF, OF, Util"
Jared Shuster,Chicago White Sox,"SP, RP, P"
Max Kranick,New York Mets,"SP, P"
Nick Mears,Milwaukee Brewers,"RP, P"
Robert Hassell III,Washington Nationals,"CF, OF, Util"
Zach DeLoach,Chicago White Sox,"OF, Util, NA"
Emerson Hancock,Seattle Mariners,"SP, P"
Austin Shenton,Seattle Mariners,"1B, Util"
Riley Adams,Washington Nationals,"C, Util"
Bryan Baker,Baltimore Orioles,"RP, P"
Joshua Palacios,Pittsburgh Pirates,"CF, OF, Util"
Brayan Buelvas,Athletics,"OF, Util, NA"
Kyle McCann,Athletics,"C, Util, NA"
Tyler Soderstrom,Athletics,"1B, Util"
Cade Cavalli,Washington Nationals,"SP, P"
Chadwick Tromp,Atlanta Braves,"C, Util"
Logan O'Hoppe,Los Angeles Angels,"C, Util"
Freddy Fermin,Kansas City Royals,"C, Util"
Clayton Beeter,New York Yankees,"RP, P"
Max Meyer,Miami Marlins,"SP, P"
Jordan Walker,St. Louis Cardinals,"OF, Util"
Masyn Winn,St. Louis Cardinals,"SS, Util"
Austin Martin,Minnesota Twins,"2B, CF, OF, Util"
Brett de Geus,Pittsburgh Pirates,"RP, P"
Ryan Pepiot,Tampa Bay Rays,"SP, P"
Bobby Miller,Los Angeles Dodgers,"SP, P"
Landon Knack,Los Angeles Dodgers,"SP, P"
Bennett Sousa,Houston Astros,"RP, P"
Garrett Crochet,Boston Red Sox,"SP, P"
Nick Gonzales,Pittsburgh Pirates,"2B, SS, Util"
Patrick Bailey,San Francisco Giants,"C, Util"
Michael Harris II,Atlanta Braves,"CF, OF, Util"
René Pinto,Arizona Diamondbacks,"C, Util"
John King,St. Louis Cardinals,"RP, P"
Brett Sullivan,San Diego Padres,"C, Util"
Justin Topa,Minnesota Twins,"RP, P"
Justin Foscue,Texas Rangers,Util
Bowden Francis,Toronto Blue Jays,"SP, RP, P"
Jacob Latz,Texas Rangers,"RP, P"
Blake Hunt,Seattle Mariners,"C, Util"
Eduard Bazardo,Seattle Mariners,"RP, P"
Carlos Vargas,Seattle Mariners,"RP, P"
Angel Zerpa,Kansas City Royals,"RP, P"
Bailey Ober,Minnesota Twins,"SP, P"
Oswald Peraza,New York Yankees,"3B, Util"
Otto Lopez,Miami Marlins,"2B, SS, Util"
Lucas Gilbreath,Colorado Rockies,"RP, P"
Bailey Falter,Pittsburgh Pirates,"SP, P"
Mason Thompson,Washington Nationals,"RP, P"
Zach Pop,Toronto Blue Jays,"RP, P"
Will Vest,Detroit Tigers,"RP, P"
Tyler Wells,Baltimore Orioles,"SP, P"
Ha-Seong Kim,Tampa Bay Rays,"SS, Util"
Slade Cecconi,Cleveland Guardians,"SP, RP, P"
Bryce Elder,Atlanta Braves,"SP, P"
Heston Kjerstad,Baltimore Orioles,"OF, Util"
Jordan Westburg,Baltimore Orioles,"2B, 3B, Util"
Nick Yorke,Pittsburgh Pirates,"2B, Util"
Blaze Jordan,Boston Red Sox,"1B, 3B, Util, NA"
Owen Caissie,Chicago Cubs,"CF, OF, Util"
Zac Veen,Colorado Rockies,"OF, Util"
Drew Romo,Colorado Rockies,"C, Util"
Brenton Doyle,Colorado Rockies,"CF, OF, Util"
Hunter Brown,Houston Astros,"SP, P"
Nick Loftin,Kansas City Royals,"2B, 3B, Util"
Andy Pages,Los Angeles Dodgers,"CF, OF, Util"
Dax Fulton,Miami Marlins,"SP, P"
Garrett Mitchell,Milwaukee Brewers,"CF, OF, Util"
Cole Sands,Minnesota Twins,"RP, P"
Pete Crow-Armstrong,Chicago Cubs,"CF, OF, Util"
J.T. Ginn,Athletics,"SP, P"
Endy Rodríguez,Pittsburgh Pirates,"C, Util"
Austin Wells,New York Yankees,"C, Util"
Jeff Criswell,Colorado Rockies,"RP, P"
Mick Abel,Philadelphia Phillies,"SP, P"
Carmen Mlodzinski,Pittsburgh Pirates,"SP, RP, P"
Connor Phillips,Cincinnati Reds,"SP, P"
Kyle Harrison,San Francisco Giants,"SP, P"
Tink Hence,St. Louis Cardinals,"SP, P"
Alika Williams,Pittsburgh Pirates,"2B, SS, Util, NA"
Cole Henry,Washington Nationals,"SP, P, IL"
Anthony Bender,Miami Marlins,"RP, P"
Cody Poteet,Chicago Cubs,"SP, P"
Tommy Nance,Toronto Blue Jays,"RP, P"
Griffin Jax,Minnesota Twins,"RP, P"
Jason Foley,Detroit Tigers,"RP, P"
Sam Long,Kansas City Royals,"RP, P"
Luke Williams,Atlanta Braves,"2B, Util"
Tayler Saucedo,Seattle Mariners,"RP, P"
Matt Vierling,Detroit Tigers,"3B, CF, OF, Util"
Jake Cousins,New York Yankees,"RP, P"
Lars Nootbaar,St. Louis Cardinals,"CF, OF, Util"
Tylor Megill,New York Mets,"SP, P"
Pedro León,Houston Astros,"OF, Util"
Bryan De La Cruz,Atlanta Braves,"OF, Util"
Austin Warren,New York Mets,"RP, P"
Sean Guenther,Detroit Tigers,"RP, P"
Tyler Gilbert,Chicago White Sox,"RP, P"
Elvis Peguero,Milwaukee Brewers,"RP, P"
Cooper Criswell,Boston Red Sox,"SP, RP, P"
Scott Effross,New York Yankees,"RP, P"
Kyle Tyler,Philadelphia Phillies,"SP, P"
Romy González,Boston Red Sox,"1B, 2B, 3B, SS, Util"
Ryan Feltner,Colorado Rockies,"SP, P"
Kaleb Ort,Houston Astros,"RP, P"
Nick Fortes,Miami Marlins,"C, Util"
Seth Martinez,Arizona Diamondbacks,"RP, P"
Dauri Moreta,Pittsburgh Pirates,"RP, P"
Dylan Lee,Atlanta Braves,"RP, P"
Matt Brash,Seattle Mariners,"RP, P"
Spencer Strider,Atlanta Braves,"SP, P"
Juan Yepez,Washington Nationals,"1B, Util"
Alan Rangel,Philadelphia Phillies,"SP, P"
Elvin Rodríguez,Milwaukee Brewers,"SP, P"
Jose Herrera,Arizona Diamondbacks,"C, Util"
Alexis Díaz,Cincinnati Reds,"RP, P"
Randy Rodríguez,San Francisco Giants,"RP, P"
Eguy Rosario,San Diego Padres,"3B, Util"
Steven Wilson,Chicago White Sox,"RP, P"
Jonathan Aranda,Tampa Bay Rays,"1B, 2B, Util"
Calvin Faucher,Miami Marlins,"RP, P"
Jhonkensy Noel,Cleveland Guardians,"OF, Util"
Steven Kwan,Cleveland Guardians,"OF, Util"
Richie Palacios,Tampa Bay Rays,"2B, CF, OF, Util"
José Tena,Washington Nationals,"2B, 3B, Util"
Jonah Bride,Miami Marlins,"1B, 3B, Util"
Ezequiel Tovar,Colorado Rockies,"SS, Util"
James McArthur,Kansas City Royals,"RP, P"
Ethan Roberts,Chicago Cubs,"RP, P"
Ronny Henriquez,Minnesota Twins,"RP, P"
Josh Winckowski,Boston Red Sox,"SP, RP, P"
Brayan Bello,Boston Red Sox,"SP, P"
Oswaldo Cabrera,New York Yankees,"1B, 2B, 3B, Util"
Ron Marinaccio,San Diego Padres,"RP, P"
JP Sears,Athletics,"SP, P"
Collin Snider,Seattle Mariners,"RP, P"
Maikel Garcia,Kansas City Royals,"2B, 3B, Util"
José Buttó,New York Mets,"SP, RP, P"
James Outman,Los Angeles Dodgers,"CF, OF, Util"
Jorbit Vivas,New York Yankees,"2B, Util"
Jack Suwinski,Pittsburgh Pirates,"CF, OF, Util"
Hagen Danner,Seattle Mariners,"RP, P"
Kyle Bradish,Baltimore Orioles,"SP, P"
Félix Bautista,Baltimore Orioles,"RP, P"
Cooper Hummel,Houston Astros,"OF, Util"
Brendan Donovan,St. Louis Cardinals,"2B, 3B, OF, Util"
Robert Suarez,San Diego Padres,"RP, P"
Jordan Lawlar,Arizona Diamondbacks,"SS, Util"
Ryne Nelson,Arizona Diamondbacks,"SP, P"
Ryan Bliss,Seattle Mariners,"2B, Util"
Adrian Del Castillo,Arizona Diamondbacks,"C, Util"
Ryan Cusick,Athletics,"SP, P"
Vaughn Grissom,Boston Red Sox,"2B, Util"
Joey Estes,Athletics,"SP, P"
Spencer Schwellenbach,Atlanta Braves,"SP, P"
AJ Smith-Shawver,Atlanta Braves,"SP, P"
Dylan Dodd,Atlanta Braves,"SP, RP, P"
Victor Vodnik,Colorado Rockies,"RP, P"
Colton Cowser,Baltimore Orioles,"CF, OF, Util"
Connor Norby,Miami Marlins,"2B, 3B, Util"
Coby Mayo,Baltimore Orioles,"3B, Util"
Joey Ortiz,Milwaukee Brewers,"3B, SS, Util"
Marcelo Mayer,Boston Red Sox,"SS, Util, NA"
Chris Murphy,Boston Red Sox,"RP, P"
Wikelman Gonzalez,Chicago White Sox,"SP, P"
Cristian Hernandez,Chicago Cubs,"2B, SS, Util, NA"
Jordan Wicks,Chicago Cubs,"SP, P"
James Triantos,Chicago Cubs,"2B, Util, NA"
Caleb Kilian,Chicago Cubs,P
Kevin Made,Washington Nationals,"SS, Util, NA"
Yohendrick Pinango,Toronto Blue Jays,"OF, Util, NA"
Matt McLain,Cincinnati Reds,"2B, SS, Util"
Graham Ashcraft,Cincinnati Reds,"SP, P"
Elly De La Cruz,Cincinnati Reds,"SS, Util"
Andrew Abbott,Cincinnati Reds,"SP, P"
Angel Martínez,Cleveland Guardians,"CF, OF, Util"
Gavin Williams,Cleveland Guardians,"SP, P"
Doug Nikhazy,Cleveland Guardians,"SP, P"
Petey Halpin,Cleveland Guardians,"CF, OF, Util"
Benny Montgomery,Colorado Rockies,"CF, OF, Util, NA"
Jaden Hill,Colorado Rockies,"RP, P"
Joe Rock,Tampa Bay Rays,"SP, P"
Hunter Goodman,Colorado Rockies,"C, OF, Util"
Adael Amador,Colorado Rockies,"2B, Util"
Colson Montgomery,Chicago White Sox,"SS, Util"
Bryan Ramos,Chicago White Sox,"3B, Util"
Sean Burke,Chicago White Sox,"SP, P"
Lenyn Sosa,Chicago White Sox,"2B, 3B, Util"
Jackson Jobe,Detroit Tigers,"RP, P"
Ty Madden,Detroit Tigers,"RP, P"
Roberto Campos,Detroit Tigers,"CF, OF, Util, NA"
Ryan Kreidler,Detroit Tigers,"SS, Util"
Reese Olson,Detroit Tigers,"SP, P"
Colt Keith,Detroit Tigers,"2B, Util"
Gage Workman,Chicago Cubs,"3B, SS, Util"
Yainer Diaz,Houston Astros,"C, 1B, Util"
Chayce McDermott,Baltimore Orioles,"SP, P"
Shay Whitcomb,Houston Astros,"3B, Util"
Frank Mozzicato,Kansas City Royals,"SP, P, NA"
Ben Kudrna,Kansas City Royals,"SP, P, NA"
Alec Marsh,Kansas City Royals,"SP, P"
Noah Murdock,Athletics,"RP, P"
Vinnie Pasquantino,Kansas City Royals,"1B, Util"
Daniel Vazquez,Kansas City Royals,"SS, Util, NA"
Carter Jensen,Kansas City Royals,"C, Util, NA"
Sam Bachman,Los Angeles Angels,"RP, P"
Ky Bush,Chicago White Sox,"SP, P"
Denzer Guzman,Los Angeles Angels,"SS, Util, NA"
Adrian Placencia,Los Angeles Angels,"2B, SS, Util, NA"
Edgar Quero,Chicago White Sox,"C, Util, NA"
Maddux Bruns,Los Angeles Dodgers,"SP, P, NA"
Eury Pérez,Miami Marlins,"SP, P"
Joe Mack,Miami Marlins,"C, Util, NA"
Sal Frelick,Milwaukee Brewers,"CF, OF, Util"
Jeferson Quero,Milwaukee Brewers,"C, Util"
Tyler Black,Milwaukee Brewers,"1B, Util"
Jackson Chourio,Milwaukee Brewers,"CF, OF, Util"
Chase Petty,Cincinnati Reds,"SP, P, NA"
Noah Miller,Los Angeles Dodgers,"SS, Util, NA"
Emmanuel Rodriguez,Minnesota Twins,"CF, OF, Util"
Dom Hamel,New York Mets,"SP, P, NA"
Josh Walker,Toronto Blue Jays,"RP, P"
Trey Sweeney,Detroit Tigers,"SS, Util"
Ken Waldichuk,Athletics,"SP, RP, P"
Hayden Wesneski,Houston Astros,"SP, RP, P"
Brock Selvidge,New York Yankees,"SP, P, NA"
Brandon Lockridge,San Diego Padres,"CF, OF, Util"
Randy Vásquez,San Diego Padres,"SP, P"
Max Muncy,Athletics,"2B, SS, Util, NA"
Zack Gelof,Athletics,"2B, Util"
Denzel Clarke,Athletics,"CF, OF, Util"
Mason Miller,Athletics,"RP, P"
Grant Holman,Athletics,"RP, P"
Johan Rojas,Philadelphia Phillies,"CF, OF, Util"
Henry Davis,Pittsburgh Pirates,"C, Util"
Anthony Solometo,Pittsburgh Pirates,"SP, P, NA"
Bubba Chandler,Pittsburgh Pirates,"SP, P, NA"
Lonnie White Jr.,Pittsburgh Pirates,"CF, OF, Util, NA"
Mike Burrows,Pittsburgh Pirates,"SP, RP, P"
James Wood,Washington Nationals,"OF, Util"
Jackson Merrill,San Diego Padres,"CF, OF, Util"
Robert Gasser,Milwaukee Brewers,"SP, P"
Samuel Zavala,Chicago White Sox,"CF, OF, Util, NA"
Victor Lizarraga,San Diego Padres,"SP, P, NA"
Brandon Valenzuela,San Diego Padres,"C, 1B, Util, NA"
Harry Ford,Seattle Mariners,"C, Util, NA"
Edwin Arroyo,Cincinnati Reds,"SS, Util, NA"
Adam Macko,Toronto Blue Jays,"SP, P"
Michael Morales,Seattle Mariners,"SP, P, NA"
Gabriel Gonzalez,Minnesota Twins,"OF, Util, NA"
Bryce Miller,Seattle Mariners,"SP, P"
Aeverson Arteaga,San Francisco Giants,"SS, Util, NA"
Casey Schmitt,San Francisco Giants,"2B, 3B, SS, Util"
Michael McGreevy,St. Louis Cardinals,"SP, P"
Alec Burleson,St. Louis Cardinals,"1B, OF, Util"
Ian Bedell,St. Louis Cardinals,"SP, P, NA"
Taj Bradley,Tampa Bay Rays,"SP, P"
Carson Williams,Tampa Bay Rays,"SS, Util, NA"
Curtis Mead,Tampa Bay Rays,"2B, 3B, Util"
Cooper Kinney,Tampa Bay Rays,"2B, 3B, Util, NA"
Jack Leiter,Texas Rangers,"SP, P"
Josh Smith,Texas Rangers,"3B, SS, OF, Util"
Evan Carter,Texas Rangers,"OF, Util"
Cameron Cauley,Texas Rangers,"2B, SS, Util, NA"
Dustin Harris,Texas Rangers,"3B, CF, OF, Util"
Gunnar Hoglund,Athletics,"SP, P"
Sem Robberse,St. Louis Cardinals,"SP, P"
Ricky Tiedemann,Toronto Blue Jays,"SP, P, NA"
Samad Taylor,Seattle Mariners,"OF, Util, NA"
Dasan Brown,Toronto Blue Jays,"CF, OF, Util, NA"
Brady House,Washington Nationals,"3B, Util, NA"
Daylen Lile,Washington Nationals,"OF, Util, NA"
Mitchell Parker,Washington Nationals,"SP, P"
Drew Millas,Washington Nationals,"C, Util"
Seiya Suzuki,Chicago Cubs,"OF, Util"
Joey Wiemer,Kansas City Royals,"CF, OF, Util"
Ronel Blanco,Houston Astros,"SP, P"
Andre Pallante,St. Louis Cardinals,"SP, RP, P"
Tanner Banks,Philadelphia Phillies,"RP, P"
Penn Murfee,Chicago White Sox,"RP, P"
Beau Brieske,Detroit Tigers,"SP, RP, P"
Tyler Holton,Detroit Tigers,"SP, RP, P"
Vinny Capra,Milwaukee Brewers,Util
Danny Young,New York Mets,"RP, P"
Yennier Cano,Baltimore Orioles,"RP, P"
Chase Silseth,Los Angeles Angels,"SP, P"
Colin Holderman,Pittsburgh Pirates,"RP, P"
Davis Martin,Chicago White Sox,"SP, P"
Dairon Blanco,Kansas City Royals,"CF, OF, Util"
Yerry de los Santos,New York Yankees,"RP, P"
Peter Strzelecki,Pittsburgh Pirates,"RP, P"
Jared Koenig,Milwaukee Brewers,"SP, RP, P"
Davis Daniel,Atlanta Braves,"SP, P"
Jake Bird,Colorado Rockies,"RP, P"
Jason Delay,Pittsburgh Pirates,"C, Util"
Sean Bouchard,Colorado Rockies,"OF, Util"
Buddy Kennedy,Philadelphia Phillies,Util
David Villar,San Francisco Giants,"1B, Util"
Alex Call,Washington Nationals,"CF, OF, Util"
Michael Massey,Kansas City Royals,"2B, Util"
Huascar Brazoban,New York Mets,"RP, P"
Brennan Bernardino,Boston Red Sox,"SP, RP, P"
Hunter Gaddis,Cleveland Guardians,"RP, P"
Kerry Carpenter,Detroit Tigers,"OF, Util"
Cal Stevenson,Philadelphia Phillies,"CF, OF, Util"
Chuckie Robinson,Los Angeles Angels,"C, Util"
Andrew Nardi,Miami Marlins,"RP, P"
Xzavion Curry,Miami Marlins,"SP, RP, P"
Kevin Herget,New York Mets,"RP, P"
Bryan Hoeing,San Diego Padres,"RP, P"
Javier Assad,Chicago Cubs,"SP, P"
Greg Weissert,Boston Red Sox,"RP, P"
Zack Kelly,Boston Red Sox,"SP, RP, P"
Jeremiah Estrada,San Diego Padres,"RP, P"
Spencer Steer,Cincinnati Reds,"1B, OF, Util"
Fernando Cruz,New York Yankees,"SP, RP, P"
Louie Varland,Minnesota Twins,"SP, RP, P"
Luis L. Ortiz,Cleveland Guardians,"SP, RP, P"
Jared Young,New York Mets,"1B, Util"
Gavin Hollowell,Chicago Cubs,"RP, P"
Will Brennan,Cleveland Guardians,"CF, OF, Util"
Miles Mastrobuoni,Seattle Mariners,"2B, 3B, SS, Util"
Cade Marlowe,Seattle Mariners,"OF, Util, NA"
Prelander Berroa,Chicago White Sox,"RP, P"
José Fermín,St. Louis Cardinals,"2B, 3B, Util"
Enmanuel Valdez,Pittsburgh Pirates,"2B, Util"
Jhony Brito,San Diego Padres,"RP, P"
Nathan Lukes,Toronto Blue Jays,"OF, Util"
Sean Reynolds,San Diego Padres,"RP, P"
Connor Thomas,Milwaukee Brewers,"RP, P"
Hogan Harris,Athletics,"SP, RP, P"
Lawrence Butler,Athletics,"OF, Util"
Warming Bernabel,Colorado Rockies,"1B, 3B, Util, NA"
Jose A. Ferrer,Washington Nationals,"RP, P"
J.P. France,Houston Astros,"SP, P"
Jonny DeLuca,Tampa Bay Rays,"CF, OF, Util"
Brent Headrick,Minnesota Twins,"RP, P"
Casey Legumina,Seattle Mariners,"RP, P"
Edouard Julien,Minnesota Twins,"2B, Util"
Ceddanne Rafaela,Boston Red Sox,"2B, SS, CF, OF, Util"
Wilyer Abreu,Boston Red Sox,"CF, OF, Util"
David Hamilton,Boston Red Sox,"2B, SS, Util"
Tim Herrin,Cleveland Guardians,"RP, P"
Juan Brito,Cleveland Guardians,"2B, 3B, SS, OF, Util"
Brett Wisely,San Francisco Giants,"2B, SS, Util"
Keaton Winn,San Francisco Giants,"SP, P"
Osleivis Basabe,San Francisco Giants,"2B, 3B, OF, Util"
Addison Barger,Toronto Blue Jays,"3B, OF, Util"
Spencer Horwitz,Pittsburgh Pirates,"1B, 2B, Util"
Yosver Zulueta,Cincinnati Reds,"RP, P"
Roddery Muñoz,St. Louis Cardinals,"SP, P"
Abner Uribe,Milwaukee Brewers,"RP, P"
Ben Brown,Chicago Cubs,"SP, RP, P"
Jorge Barrosa,Arizona Diamondbacks,"OF, Util"
Justin Martinez,Arizona Diamondbacks,"RP, P"
George Soriano,Miami Marlins,"RP, P"
Tom Cosgrove,San Diego Padres,"RP, P"
Colin Selby,Baltimore Orioles,"RP, P"
Jared Triolo,Pittsburgh Pirates,"2B, 3B, SS, Util"
Masataka Yoshida,Boston Red Sox,"OF, Util"
Ryan Noda,Los Angeles Angels,"1B, Util"
Blake Sabol,Boston Red Sox,"C, Util"
Kevin Kelly,Tampa Bay Rays,"RP, P"
Nic Enright,Cleveland Guardians,"RP, P"
Gus Varland,Chicago White Sox,"RP, P"
Kodai Senga,New York Mets,"SP, P"
Matt Mervis,Miami Marlins,"1B, Util"
Oscar Colás,Chicago White Sox,"CF, OF, Util"
Jonatan Clase,Toronto Blue Jays,"CF, OF, Util"
Cade Smith,Cleveland Guardians,"RP, P"
Joseph Montalvo,Detroit Tigers,"SP, P, NA"
Anthony Molina,Colorado Rockies,"RP, P"
Parker Messick,Cleveland Guardians,"SP, P, NA"
Jaison Chourio,Cleveland Guardians,"CF, OF, Util, NA"
Druw Jones,Arizona Diamondbacks,"CF, OF, Util, NA"
Brandon Pfaadt,Arizona Diamondbacks,"SP, P"
Deyvison De Los Santos,Miami Marlins,"1B, 3B, Util"
Landon Sims,Arizona Diamondbacks,"RP, P, NA"
Dominic Canzone,Seattle Mariners,"OF, Util"
Tim Tawa,Arizona Diamondbacks,"2B, Util"
Joe Elbis,Arizona Diamondbacks,"SP, P"
Owen Murphy,Atlanta Braves,"SP, P, NA"
JR Ritchie,Atlanta Braves,"SP, P, NA"
Cole Phillips,Seattle Mariners,"SP, P, NA"
Adam Maier,Atlanta Braves,"SP, P, NA"
Diego Benitez,Atlanta Braves,"3B, SS, Util, NA"
Drake Baldwin,Atlanta Braves,"C, Util, NA"
Blake Burkhalter,Atlanta Braves,"SP, P, NA"
Douglas Glod,Atlanta Braves,"CF, OF, Util, NA"
David McCabe,Atlanta Braves,"3B, Util, NA"
Jackson Holliday,Baltimore Orioles,"2B, Util"
Dylan Beavers,Baltimore Orioles,"OF, Util, NA"
Samuel Basallo,Baltimore Orioles,"C, 1B, Util, NA"
Jud Fabian,Baltimore Orioles,"CF, OF, Util, NA"
Miguel Bleis,Boston Red Sox,"CF, OF, Util, NA"
Mikey Romero,Boston Red Sox,"2B, SS, Util, NA"
Roman Anthony,Boston Red Sox,"CF, OF, Util, NA"
Eddinson Paulino,Toronto Blue Jays,"2B, 3B, SS, Util, NA"
Cutter Coffey,Toronto Blue Jays,"3B, SS, Util, NA"
Niko Kavadas,Los Angeles Angels,"1B, Util"
Brooks Brannon,Boston Red Sox,"C, 1B, Util, NA"
Luis Perales,Boston Red Sox,"SP, P"
Elmer Rodriguez-Cruz,New York Yankees,"SP, P, NA"
Cade Horton,Chicago Cubs,"SP, P, NA"
Jackson Ferris,Los Angeles Dodgers,"SP, P, NA"
Moises Ballesteros,Chicago Cubs,"C, Util, NA"
Daniel Palencia,Chicago Cubs,"RP, P"
Porter Hodge,Chicago Cubs,"RP, P"
Luke Little,Chicago Cubs,"RP, P"
Drew Gray,Chicago Cubs,"SP, P, NA"
Cam Collier,Cincinnati Reds,"3B, Util, NA"
Sal Stewart,Cincinnati Reds,"2B, 3B, Util, NA"
Christian Encarnacion-Strand,Cincinnati Reds,"1B, Util"
Joe Boyle,Tampa Bay Rays,"SP, P"
Ricardo Cabrera,Cincinnati Reds,"2B, 3B, SS, Util, NA"
Tanner Bibee,Cleveland Guardians,"SP, P"
Chase DeLauter,Cleveland Guardians,"CF, OF, Util, NA"
Logan Allen,Cleveland Guardians,"SP, P"
Jake Fox,Cleveland Guardians,"2B, CF, OF, Util, NA"
Angel Genao,Cleveland Guardians,"2B, 3B, SS, Util, NA"
Gabriel Hughes,Colorado Rockies,"SP, P, NA"
Sterlin Thompson,Colorado Rockies,"1B, OF, Util, NA"
Jordan Beck,Colorado Rockies,"OF, Util"
Yanquiel Fernández,Colorado Rockies,"OF, Util"
Dyan Jorge,Colorado Rockies,"2B, SS, Util, NA"
Carson Palmquist,Colorado Rockies,"SP, P, NA"
Ryan Ritter,Colorado Rockies,"SS, Util, NA"
Noah Schultz,Chicago White Sox,"SP, P, NA"
Cristian Mena,Arizona Diamondbacks,"SP, P"
Jonathan Cannon,Chicago White Sox,"SP, P"
Tyler Schweitzer,Chicago White Sox,"SP, P, NA"
Wilfred Veras,Chicago White Sox,"OF, Util, NA"
Jace Jung,Detroit Tigers,"3B, Util"
Justyn-Henry Malloy,Detroit Tigers,"OF, Util"
Troy Melton,Detroit Tigers,"SP, P, NA"
Brant Hurter,Detroit Tigers,"RP, P"
Tyler Mattison,Detroit Tigers,"RP, P"
Elvis Alvarado,Athletics,"RP, P"
Drew Gilbert,New York Mets,"CF, OF, Util, NA"
Jacob Melton,Houston Astros,"CF, OF, Util, NA"
Ryan Clifford,New York Mets,"1B, OF, Util, NA"
Spencer Arrighetti,Houston Astros,"SP, P"
Miguel Ullola,Houston Astros,"SP, P, NA"
Kenni Gomez,Houston Astros,"CF, OF, Util, NA"
Colton Gordon,Houston Astros,"SP, P"
Alimber Santa,Houston Astros,"RP, P, NA"
Michael Knorr,Houston Astros,"SP, P, NA"
Gavin Cross,Kansas City Royals,"OF, Util, NA"
Cayden Wallace,Washington Nationals,"3B, Util, NA"
Tyler Gentry,Kansas City Royals,"OF, Util"
Austin Charles,Kansas City Royals,"3B, SS, Util, NA"
Mason Barnett,Athletics,"SP, P, NA"
Chandler Champlain,Kansas City Royals,"SP, P, NA"
Noah Cameron,Kansas City Royals,"SP, P"
Zach Neto,Los Angeles Angels,"SS, Util"
Caden Dana,Los Angeles Angels,"SP, P"
Ben Joyce,Los Angeles Angels,"RP, P"
Nelson Rada,Los Angeles Angels,"CF, OF, Util, NA"
Randy De Jesus,Los Angeles Angels,"OF, Util, NA"
Walbert Ureña,Los Angeles Angels,"SP, P, NA"
Ryan Costeiu,Los Angeles Angels,"SP, P, NA"
Victor Mederos,Los Angeles Angels,"RP, P"
Gavin Stone,Los Angeles Dodgers,"SP, P"
Dalton Rushing,Los Angeles Dodgers,"C, OF, Util, NA"
Nick Nastrini,Chicago White Sox,"SP, P"
Nick Frasso,Los Angeles Dodgers,"SP, P, IL"
Kyle Hurt,Los Angeles Dodgers,"RP, P, IL"
Emmet Sheehan,Los Angeles Dodgers,"SP, P"
Edgardo Henriquez,Los Angeles Dodgers,"RP, P"
Rayne Doncon,Minnesota Twins,"3B, SS, Util, NA"
Peter Heubeck,Los Angeles Dodgers,"SP, P, NA"
Victor Mesa Jr.,Miami Marlins,"OF, Util"
Ronald Hernandez,New York Mets,"C, 1B, Util, NA"
Jacob Misiorowski,Milwaukee Brewers,"RP, P, NA"
Luis Lara,Milwaukee Brewers,"CF, OF, Util, NA"
Carlos Rodriguez,Milwaukee Brewers,"SP, P"
Dylan O'Rae,Milwaukee Brewers,"2B, CF, OF, Util, NA"
Logan Henderson,Milwaukee Brewers,"SP, P"
Brooks Lee,Minnesota Twins,"2B, 3B, SS, Util"
Connor Prielipp,Minnesota Twins,"SP, P, NA"
Marco Raya,Minnesota Twins,"SP, P"
David Festa,Minnesota Twins,"SP, P"
Tanner Schobel,Minnesota Twins,"3B, SS, Util, NA"
Yasser Mercedes,Minnesota Twins,"CF, OF, Util, NA"
Danny De Andrade,Minnesota Twins,"SS, Util, NA"
Michael Helman,St. Louis Cardinals,"OF, Util"
Kevin Parada,New York Mets,"C, Util, NA"
Jett Williams,New York Mets,"SS, Util, NA"
Blade Tidwell,New York Mets,"SP, P, NA"
Mike Vasil,Tampa Bay Rays,"SP, P"
Nick Morabito,New York Mets,"CF, OF, Util, NA"
Jacob Reimer,New York Mets,"3B, Util, NA"
Eric Orze,Tampa Bay Rays,"RP, P"
Christian Scott,New York Mets,"SP, P"
Spencer Jones,New York Yankees,"CF, OF, Util, NA"
Will Warren,New York Yankees,"SP, P"
Roderick Arias,New York Yankees,"2B, SS, Util, NA"
Drew Thorpe,Chicago White Sox,"SP, P"
Trystan Vrieling,New York Yankees,"SP, P, NA"
Juan Carela,Chicago White Sox,"SP, P"
Richard Fitts,Boston Red Sox,"SP, P"
Daniel Susac,Athletics,"C, Util, NA"
Henry Bolte,Athletics,"OF, Util, NA"
Colby Thomas,Athletics,"OF, Util, NA"
Brett Harris,Athletics,"3B, Util"
Cooper Bowman,Cincinnati Reds,"2B, CF, OF, Util"
Justin Crawford,Philadelphia Phillies,"CF, OF, Util, NA"
Hao-Yu Lee,Detroit Tigers,"2B, Util, NA"
Gabriel Rincones Jr.,Philadelphia Phillies,"OF, Util, NA"
Alex McFarlane,Philadelphia Phillies,"SP, P, NA"
William Bergolla,Chicago White Sox,"2B, SS, Util, NA"
Christian McGowan,Philadelphia Phillies,"SP, P, NA"
Micah Ottenbreit,Philadelphia Phillies,"SP, P, NA"
Jean Cabrera,Philadelphia Phillies,"SP, P"
Orion Kerkering,Philadelphia Phillies,"RP, P"
Caleb Ricketts,Philadelphia Phillies,"C, Util, NA"
Termarr Johnson,Pittsburgh Pirates,"2B, SS, Util, NA"
Thomas Harrington,Pittsburgh Pirates,"SP, P, NA"
Hunter Barco,Pittsburgh Pirates,"SP, P, NA"
Michael Kennedy,Cleveland Guardians,"SP, P, NA"
Kyle Nicolas,Pittsburgh Pirates,"RP, P"
Shalin Polanco,Pittsburgh Pirates,"CF, OF, Util, NA"
Dylan Lesko,Tampa Bay Rays,"SP, P, NA"
Robby Snelling,Miami Marlins,"SP, P, NA"
Adam Mazur,Miami Marlins,"SP, P"
Jairo Iriarte,Chicago White Sox,"RP, P"
Ryan Bergert,San Diego Padres,"SP, P"
Lamar King Jr.,San Diego Padres,"1B, Util, NA"
Jagger Haynes,San Diego Padres,"SP, P, NA"
Alek Jacob,San Diego Padres,"RP, P"
Taylor Dollard,Seattle Mariners,"SP, P, NA"
Lazaro Montes,Seattle Mariners,"OF, Util, NA"
Grant McCray,San Francisco Giants,"CF, OF, Util"
Carson Whisenhunt,San Francisco Giants,"SP, P, NA"
Reggie Crawford,San Francisco Giants,"RP, P, NA"
Eric Silva,Detroit Tigers,"RP, P, NA"
Trevor McDonald,San Francisco Giants,"SP, RP, P"
Carson Seymour,San Francisco Giants,"SP, P"
Gordon Graceffo,St. Louis Cardinals,"SP, P"
Cooper Hjerpe,St. Louis Cardinals,"SP, P, NA"
Jonathan Mejia,St. Louis Cardinals,"2B, SS, Util, NA"
Pete Hansen,St. Louis Cardinals,"SP, P, NA"
Max Rajcic,St. Louis Cardinals,"SP, P, NA"
Leonardo Bernal,St. Louis Cardinals,"C, Util, NA"
Won-Bin Cho,St. Louis Cardinals,"CF, OF, Util, NA"
Jimmy Crooks III,St. Louis Cardinals,"C, Util, NA"
Ryan Loutos,St. Louis Cardinals,"RP, P"
Kyle Manzardo,Cleveland Guardians,"1B, Util"
Mason Montgomery,Tampa Bay Rays,"RP, P"
Xavier Isaac,Tampa Bay Rays,"1B, Util, NA"
Ian Seymour,Tampa Bay Rays,"SP, P"
Junior Caminero,Tampa Bay Rays,"3B, Util"
Chandler Simpson,Tampa Bay Rays,"CF, OF, Util, NA"
Dominic Keegan,Tampa Bay Rays,"C, Util, NA"
Trevor Martin,Tampa Bay Rays,"SP, P, NA"
Brock Porter,Texas Rangers,"SP, P, NA"
Kumar Rocker,Texas Rangers,"SP, P"
Anthony Gutierrez,Texas Rangers,"CF, OF, Util, NA"
Tekoah Roby,St. Louis Cardinals,"SP, P"
Mitch Bratt,Texas Rangers,"SP, P, NA"
Thomas Saggese,St. Louis Cardinals,"2B, Util"
Gleider Figuereo,Texas Rangers,"3B, Util, NA"
Emiliano Teodo,Texas Rangers,"SP, P"
Dane Acker,Texas Rangers,"SP, RP, P, NA"
Alejandro Osuna,Texas Rangers,"CF, OF, Util, NA"
Marc Church,Texas Rangers,"RP, P"
Josh Stephan,Texas Rangers,"SP, P, NA"
Cody Bradford,Texas Rangers,"SP, P"
Brandon Barriera,Toronto Blue Jays,"SP, P, NA"
Josh Kasevich,Toronto Blue Jays,"SS, Util, NA"
Dahian Santos,Toronto Blue Jays,"RP, P, NA"
Jarlin Susana,Washington Nationals,"SP, P, NA"
Trey Lipscomb,Washington Nationals,"3B, Util"
Zach Brzykcy,Washington Nationals,"RP, P"
Alan Roden,Toronto Blue Jays,"OF, Util, NA"
Santiago Suarez,Tampa Bay Rays,"SP, P, NA"
César Prieto,St. Louis Cardinals,"2B, 3B, Util, NA"
Carlos Narváez,Boston Red Sox,"C, Util"
Elijah Green,Washington Nationals,"CF, OF, Util, NA"
Cristhian Vaquero,Washington Nationals,"CF, OF, Util, NA"
Jake Bennett,Washington Nationals,"SP, P, NA"
Ivan Melendez,Arizona Diamondbacks,"1B, 3B, Util, NA"
Yu-Min Lin,Arizona Diamondbacks,"SP, P, NA"
Dylan Ray,Arizona Diamondbacks,"SP, P, NA"
Spencer Giesting,Arizona Diamondbacks,"SP, P, NA"
Ruben Santana,Arizona Diamondbacks,"1B, 3B, Util, NA"
Andrew Pintar,Miami Marlins,"CF, OF, Util, NA"
Yilber Diaz,Arizona Diamondbacks,"SP, P"
Evan Sisk,Kansas City Royals,"RP, P"
Steven Cruz,Kansas City Royals,"RP, P"
Cole Young,Seattle Mariners,"2B, SS, Util, NA"
Tyler Locklear,Seattle Mariners,"1B, Util"
Michael Arroyo,Seattle Mariners,"2B, SS, Util, NA"
Bryan Woo,Seattle Mariners,"SP, P"
Ashton Izzi,Seattle Mariners,"SP, P, NA"
Tyler Gough,Seattle Mariners,"SP, P, NA"
Carlos Jimenez,Seattle Mariners,"CF, OF, Util, NA"
Griff McGarry,Philadelphia Phillies,"RP, P, NA"
Andrew Painter,Philadelphia Phillies,"SP, P, NA"
Weston Wilson,Philadelphia Phillies,"OF, Util"
Jacob Berry,Miami Marlins,"OF, Util, NA"
Robert Garcia,Texas Rangers,"RP, P"
Jake Mangum,Tampa Bay Rays,"CF, OF, Util"
Joe La Sorsa,Cincinnati Reds,"RP, P, NA"
Declan Cronin,Miami Marlins,"RP, P"
Fraser Ellard,Chicago White Sox,"RP, P"
Jesse Scholtens,Chicago White Sox,"SP, RP, P"
Darell Hernaiz,Athletics,"3B, SS, Util"
Reid VanScoter,Seattle Mariners,"SP, P, NA"
Stephen Kolek,San Diego Padres,"RP, P"
Mason Black,San Francisco Giants,"SP, P"
Gerelmi Maldonado,San Francisco Giants,"SP, P, NA"
Landen Roupp,San Francisco Giants,"SP, RP, P"
Jacob Miller,Miami Marlins,"SP, P, NA"
Karson Milbrandt,Miami Marlins,"SP, P, NA"
Marco Vargas,New York Mets,"2B, SS, Util, NA"
Max Wagner,Baltimore Orioles,"2B, 3B, Util, NA"
Cade Povich,Baltimore Orioles,"SP, P"
Braylin Tavera,Baltimore Orioles,"CF, OF, Util, NA"
Leandro Arias,Baltimore Orioles,"SS, Util, NA"
Trace Bright,Baltimore Orioles,"SP, P, NA"
J.C. Escarra,New York Yankees,"C, 1B, 3B, Util"
Brandon Eisert,Tampa Bay Rays,"RP, P, NA"
Axiel Plaz,Pittsburgh Pirates,"C, 1B, Util, NA"
Tony Blanco Jr.,Pittsburgh Pirates,"1B, Util, NA"
Yordany De Los Santos,Pittsburgh Pirates,"2B, 3B, SS, Util, NA"
Brennan Milone,Athletics,"1B, Util, NA"
Brandon Birdsell,Chicago Cubs,"SP, P, NA"
David Sandlin,Boston Red Sox,"SP, P, NA"
Javier Vaz,Kansas City Royals,"2B, OF, Util, NA"
José Caballero,Tampa Bay Rays,"2B, 3B, SS, Util"
Logan Driscoll,Tampa Bay Rays,"C, Util"
Chase Shugart,Pittsburgh Pirates,"RP, P"
Nick Sogard,Boston Red Sox,"2B, 3B, SS, Util"
Kade Strowd,Baltimore Orioles,"RP, P"
Jared Jones,Pittsburgh Pirates,"SP, P"
David Fry,Cleveland Guardians,"C, 1B, OF, Util"
Nick Robertson,Toronto Blue Jays,"RP, P"
Hunter Feduccia,Los Angeles Dodgers,"C, Util"
Luarbert Arias,Miami Marlins,"RP, P"
Nick Hernandez,Houston Astros,"RP, P"
Michel Otanez,Athletics,"RP, P"
Bailey Horn,St. Louis Cardinals,"RP, P"
Tyler Fitzgerald,San Francisco Giants,"SS, CF, OF, Util"
Ryan Zeferjahn,Los Angeles Angels,"RP, P"
Andrés Chaparro,Washington Nationals,"1B, Util"
Mitch Spence,Athletics,"SP, RP, P"
Matt Waldron,San Diego Padres,"SP, P"
Cam Booser,Chicago White Sox,"RP, P"
Chase Lee,Detroit Tigers,"RP, P"
Daniel Robert,Texas Rangers,"RP, P"
Andruw Monasterio,Milwaukee Brewers,"2B, 3B, Util"
Kyle Leahy,St. Louis Cardinals,"RP, P"
Nick Raposo,Seattle Mariners,"C, Util, NA"
Pedro Pagés,St. Louis Cardinals,"C, Util"
Ryan Walker,San Francisco Giants,"RP, P"
Allan Winans,New York Yankees,"SP, P, NA"
DaShawn Keirsey Jr.,Minnesota Twins,"CF, OF, Util"
Kala'i Rosario,Minnesota Twins,"OF, Util, NA"
Luis De Los Santos,New York Mets,"3B, Util, NA"
Davis Schneider,Toronto Blue Jays,"2B, OF, Util"
Will Wagner,Toronto Blue Jays,"2B, Util"
Kenedy Corona,Houston Astros,"OF, Util"
Evan Reifert,Washington Nationals,"RP, P"
Benjamin Cowles,Chicago Cubs,"2B, 3B, SS, Util"
Carlos De La Cruz,Washington Nationals,"OF, Util, NA"
Kody Funderburk,Minnesota Twins,"RP, P"
CJ Alexander,Athletics,"3B, Util"
Justin Hagenman,New York Mets,"RP, P"
Chad Patrick,Milwaukee Brewers,"SP, P"
Christian Cairo,Atlanta Braves,"SS, Util"
Tyler Ferguson,Athletics,"RP, P"
Anthony Maldonado,Athletics,"RP, P, NA"
Nate Lavender,Tampa Bay Rays,"RP, P"
Luis Guerrero,Boston Red Sox,"RP, P"
Tristan Gray,Athletics,"Util, NA"
Mickey Gasper,Minnesota Twins,Util
Caleb Durbin,Milwaukee Brewers,"2B, 3B, SS, Util"
César Salazar,Houston Astros,"C, Util"
Steward Berroa,Toronto Blue Jays,"CF, OF, Util"
Jesus Rodriguez,New York Yankees,"C, Util"
Agustín Ramírez,Miami Marlins,"C, 1B, Util"
Darren Baker,Washington Nationals,"2B, Util"
Johnathan Rodríguez,Cleveland Guardians,"OF, Util"
Walter Pennington,Texas Rangers,"RP, P"
Devin Sweet,Philadelphia Phillies,"RP, P"
Hunter Bigge,Tampa Bay Rays,"RP, P"
Wade Meckler,San Francisco Giants,"CF, OF, Util"
Luis Contreras,Houston Astros,"RP, P"
Isaac Collins,Milwaukee Brewers,"OF, Util"
Easton Lucas,Toronto Blue Jays,"RP, P"
Victor Scott II,St. Louis Cardinals,"CF, OF, Util"
Luis Vázquez,Baltimore Orioles,"Util, NA"
Pablo Aliendo,Chicago Cubs,"C, Util, NA"
Chase Hampton,New York Yankees,"SP, P, NA"
Franco Aleman,Cleveland Guardians,"RP, P"
Domingo Gonzalez,Atlanta Braves,"RP, P"
Daniel Schneemann,Cleveland Guardians,"3B, SS, CF, OF, Util"
Mason Fluharty,Toronto Blue Jays,"RP, P, NA"
Osvaldo Bido,Athletics,"SP, RP, P"
Grant Anderson,Milwaukee Brewers,"RP, P"
Sawyer Gipson-Long,Detroit Tigers,"SP, P"
Nacho Alvarez Jr.,Atlanta Braves,"2B, Util"
Matt Koperniak,St. Louis Cardinals,"OF, Util"
Rolddy Munoz,Atlanta Braves,"RP, P"
Diego Velasquez,San Francisco Giants,"2B, SS, Util, NA"
Gavin Conticello,Arizona Diamondbacks,"1B, OF, Util, NA"
Max Schuemann,Athletics,"2B, 3B, SS, OF, Util"
Anthony Veneziano,Miami Marlins,"RP, P"
Jordan Leasure,Chicago White Sox,"RP, P"
Jack Dashwood,Los Angeles Angels,"RP, P"
Austin Kitchen,Seattle Mariners,"RP, P, NA"
Jesus Lopez,Texas Rangers,"C, Util, NA"
Jack Brannigan,Pittsburgh Pirates,"3B, SS, Util, NA"
Jakob Marsee,Miami Marlins,"CF, OF, Util, NA"
Cristofer Torin,Arizona Diamondbacks,"2B, SS, Util, NA"
Ben Rice,New York Yankees,"1B, Util"
Jacob Young,Washington Nationals,"CF, OF, Util"
Eric Wagaman,Miami Marlins,"3B, Util"
Leonardo Balcazar,Cincinnati Reds,"SS, Util, NA"
Jair Camargo,Minnesota Twins,"C, Util"
Javier Sanoja,Miami Marlins,Util
Jesus Baez,New York Mets,"3B, SS, Util, NA"
Oliver Dunn,Milwaukee Brewers,"3B, Util"
Dane Myers,Miami Marlins,"CF, OF, Util"
Ethan Salas,San Diego Padres,"C, Util, NA"
Rosman Verdugo,San Diego Padres,"2B, 3B, SS, Util, NA"
Allan Castro,Boston Red Sox,"OF, Util, NA"
Spencer Bivens,San Francisco Giants,"RP, P"
Jack Dreyer,Los Angeles Dodgers,"RP, P"
Blake Dunn,Cincinnati Reds,"OF, Util"
Carlos Jorge,Cincinnati Reds,"CF, OF, Util, NA"
Jack Neely,Chicago Cubs,"RP, P"
Christian Franklin,Chicago Cubs,"CF, OF, Util, NA"
Luke Adams,Milwaukee Brewers,"1B, 3B, Util, NA"
Alex Freeland,Los Angeles Dodgers,"SS, Util, NA"
Creed Willems,Baltimore Orioles,"C, 1B, Util, NA"
Rafael Ramirez Jr.,Washington Nationals,"2B, SS, Util, NA"
Lake Bachar,Miami Marlins,"RP, P"
Jhostynxon Garcia,Boston Red Sox,"CF, OF, Util"
Zach Cole Jr.,Houston Astros,"CF, OF, Util, NA"
Billy Cook,Pittsburgh Pirates,"OF, Util"
Jack Perkins,Athletics,"SP, P, NA"
Austin Gauthier,Los Angeles Dodgers,"2B, OF, Util, NA"
Didier Fuentes,Atlanta Braves,"SP, P, NA"
Zach Dezenzo,Houston Astros,"1B, Util"
Gustavo Campero,Los Angeles Angels,"OF, Util"
Chase Meidroth,Chicago White Sox,"2B, 3B, SS, Util, NA"
Enmanuel Bonilla,Toronto Blue Jays,"CF, OF, Util, NA"
Gregory Barrios,Tampa Bay Rays,"SS, Util, NA"
Jadher Areinamo,Milwaukee Brewers,"2B, 3B, SS, Util, NA"
Ian Mejia,Atlanta Braves,"SP, P, NA"
Luis Curvelo,Texas Rangers,"RP, P"
Troy Taylor,Seattle Mariners,"RP, P"
Omar Cruz,San Diego Padres,"RP, P"
Omar Alfonzo,Pittsburgh Pirates,"C, 1B, Util, NA"
Jacob Lopez,Athletics,P
Luis De Avila,Atlanta Braves,"SP, P, NA"
Boston Baro,New York Mets,"2B, 3B, SS, Util, NA"
Andrew Walters,Cleveland Guardians,"RP, P"
Kade Morris,Athletics,"SP, P, NA"
Sammy Stafura,Cincinnati Reds,"SS, Util, NA"
CJ Kayfus,Cleveland Guardians,"1B, OF, Util, NA"
Alex Clemmey,Washington Nationals,"SP, P, NA"
Colton Ledbetter,Tampa Bay Rays,"CF, OF, Util, NA"
Spencer Nivens,Kansas City Royals,"OF, Util, NA"
Garrett Baumann,Atlanta Braves,"SP, P, NA"
Max Anderson,Detroit Tigers,"2B, Util, NA"
Matthew Etzel,Tampa Bay Rays,"1B, CF, OF, Util, NA"
Brice Matthews,Houston Astros,"3B, SS, Util, NA"
Hunter Owen,Kansas City Royals,"SP, P, NA"
Mike Boeve,Milwaukee Brewers,"1B, 3B, Util, NA"
Kannon Kemp,San Diego Padres,"SP, P, NA"
Roc Riggio,New York Yankees,"2B, Util, NA"
Sean Sullivan,Colorado Rockies,"SP, P, NA"
Josh Knoth,Milwaukee Brewers,"SP, P, NA"
Mac Horvath,Tampa Bay Rays,"2B, 3B, Util, NA"
Camden Minacci,Los Angeles Angels,"RP, P, NA"
Ethan O'Donnell,Cincinnati Reds,"OF, Util, NA"
Kyle Karros,Colorado Rockies,"3B, Util, NA"
Seth Keener,Chicago White Sox,"SP, P, NA"
Blake Wolters,Kansas City Royals,"SP, P, NA"
Alfonsin Rosario,Cleveland Guardians,"CF, OF, Util, NA"
Kyle Carr,New York Yankees,"SP, P, NA"
Nehomar Ochoa Jr.,Houston Astros,"OF, Util, NA"
Kemp Alderman,Miami Marlins,"OF, Util, NA"
Eduardo Salazar,Washington Nationals,"RP, P"
Jack Mahoney,Colorado Rockies,"SP, P, NA"
Quinn Mathews,St. Louis Cardinals,"SP, P, NA"
Drue Hackenberg,Atlanta Braves,"SP, P, NA"
Landen Maroudis,Toronto Blue Jays,"SP, P, NA"
Lael Lockhart,Detroit Tigers,"SP, P, NA"
Cooper Ingle,Cleveland Guardians,"C, Util, NA"
Carlson Reed,Pittsburgh Pirates,"SP, P, NA"
Alejandro Rosario,Texas Rangers,"SP, P, NA"
Zach Levenson,St. Louis Cardinals,"OF, Util, NA"
Khristian Curtis,Pittsburgh Pirates,"SP, P, NA"
Jackson Baumeister,Tampa Bay Rays,"SP, P, NA"
Bishop Letson,Milwaukee Brewers,"SP, P, NA"
Jake Bloss,Toronto Blue Jays,"SP, P"
Josh Bostick,San Francisco Giants,"SP, P, NA"
TJayy Walton,Philadelphia Phillies,"OF, Util, NA"
Jonah Cox,San Francisco Giants,"OF, Util, NA"
Tre' Morgan,Tampa Bay Rays,"1B, OF, Util, NA"
Carson Rucker,Detroit Tigers,"SS, Util, NA"
Carson Roccaforte,Kansas City Royals,"CF, OF, Util, NA"
Cole Miller,Athletics,"SP, P, NA"
Jared Dickey,Athletics,"OF, Util, NA"
Nolan McLean,New York Mets,"SP, P, NA"
Ty Floyd,Cincinnati Reds,"SP, P, NA"
Zander Mueth,Pittsburgh Pirates,"SP, P, NA"
Aidan Smith,Tampa Bay Rays,"CF, OF, Util, NA"
George Wolkow,Chicago White Sox,"OF, Util, NA"
Jace Bohrofen,Toronto Blue Jays,"CF, OF, Util, NA"
Kendall George,Los Angeles Dodgers,"CF, OF, Util, NA"
Gino Groover,Arizona Diamondbacks,"2B, 3B, Util, NA"
Cade Kuehler,Atlanta Braves,"SP, P, NA"
Tai Peete,Seattle Mariners,"3B, SS, OF, Util, NA"
Paul Wilson,Detroit Tigers,"SP, P, NA"
Joe Whitman,San Francisco Giants,"SP, P, NA"
Ralphy Velazquez,Cleveland Guardians,"1B, Util, NA"
Nolan Schanuel,Los Angeles Angels,"1B, Util"
Colt Emerson,Seattle Mariners,"SS, Util, NA"
Kevin McGonigle,Detroit Tigers,"2B, SS, Util, NA"
Dillon Head,Miami Marlins,"CF, OF, Util, NA"
Bryce Eldridge,San Francisco Giants,"1B, Util, NA"
Hurston Waldrep,Atlanta Braves,"SP, P"
Yohandy Morales,Washington Nationals,"1B, 3B, Util, NA"
Blake Mitchell,Kansas City Royals,"C, Util, NA"
Aidan Miller,Philadelphia Phillies,"SS, Util, NA"
Walker Jenkins,Minnesota Twins,"CF, OF, Util, NA"
Dylan Crews,Washington Nationals,"OF, Util"
Paul Skenes,Pittsburgh Pirates,"SP, P"
Wyatt Langford,Texas Rangers,"CF, OF, Util"
Max Clark,Detroit Tigers,"CF, OF, Util, NA"
Chase Dollander,Colorado Rockies,"SP, P, NA"
Jacob Wilson,Athletics,"SS, Util"
Rhett Lowder,Cincinnati Reds,"SP, P"
Arjun Nimmala,Toronto Blue Jays,"SS, Util, NA"
Kyle Teel,Chicago White Sox,"C, Util, NA"
Noble Meyer,Miami Marlins,"SP, P, NA"
Colin Houck,New York Mets,"3B, SS, Util, NA"
Jacob Gonzalez,Chicago White Sox,"2B, SS, Util, NA"
Enrique Bradfield Jr.,Baltimore Orioles,"CF, OF, Util, NA"
Matt Shaw,Chicago Cubs,"2B, 3B, SS, Util, NA"
Tommy Troy,Arizona Diamondbacks,"2B, SS, Util, NA"
Thomas White,Miami Marlins,"SP, P, NA"
Brock Wilken,Milwaukee Brewers,"3B, Util, NA"
Charlee Soto,Minnesota Twins,"SP, P, NA"
Walker Martin,San Francisco Giants,"SS, Util, NA"
Brayden Taylor,Tampa Bay Rays,"2B, 3B, Util, NA"
Travis Sykora,Washington Nationals,"SP, P, NA"
Jack Hurley,Arizona Diamondbacks,"CF, OF, Util, NA"
Adrian Santana,Tampa Bay Rays,"SS, Util, NA"
Cole Schoenwetter,Cincinnati Reds,"SP, RP, P, NA"
George Lombard Jr.,New York Yankees,"2B, SS, Util, NA"
Chase Davis,St. Louis Cardinals,"CF, OF, Util, NA"
Cooper Pratt,Milwaukee Brewers,"SS, Util, NA"
Mitch Jebb,Pittsburgh Pirates,"2B, SS, Util, NA"
Cole Carrigg,Colorado Rockies,"SS, CF, OF, Util, NA"
Maui Ahuna,San Francisco Giants,"SS, Util, NA"
Jonny Farmelo,Seattle Mariners,"CF, OF, Util, NA"
Nazzan Zanetello,Boston Red Sox,"SS, Util, NA"
Steven Echavarria,Athletics,"SP, P, NA"
Travis Honeyman,St. Louis Cardinals,"OF, Util, NA"
Alonzo Tredwell,Houston Astros,"SP, P, NA"
Myles Naylor,Athletics,"SS, Util, NA"
Juaron Watts-Brown,Toronto Blue Jays,"SP, P, NA"
Eric Bitonti,Milwaukee Brewers,"1B, 3B, Util, NA"
Brandon Winokur,Minnesota Twins,"3B, SS, CF, OF, Util, NA"
Brandon Sproat,New York Mets,"SP, P, NA"
Teddy McGraw,Seattle Mariners,"SP, P, NA"
Ryan Lasko,Athletics,"CF, OF, Util, NA"
Luke Keaschall,Minnesota Twins,"1B, 2B, CF, OF, Util, NA"
Homer Bush Jr.,Tampa Bay Rays,"CF, OF, Util, NA"
Grant Taylor,Chicago White Sox,"SP, P, NA"
Jaxon Wiggins,Chicago Cubs,"SP, P, NA"
Alex Mooney,Cleveland Guardians,"2B, 3B, SS, Util, NA"
Will Sanders,Chicago Cubs,"SP, P, NA"
Barrett Kent,Los Angeles Angels,"SP, P, NA"
Sabin Ceballos,San Francisco Giants,"3B, Util, NA"
George Klassen,Los Angeles Angels,"SP, P, NA"
Amos Willingham,Atlanta Braves,"RP, P"
Erik Sabrowski,Cleveland Guardians,"RP, P"
Chen-Wei Lin,St. Louis Cardinals,"SP, P, NA"
Trevor Harrison,Tampa Bay Rays,"SP, P, NA"
Jaden Woods,Pittsburgh Pirates,"RP, P, NA"
Hiro Wyatt,Kansas City Royals,"SP, P, NA"
Patrick Reilly,Baltimore Orioles,"SP, P, NA"
Jaden Hamm,Detroit Tigers,"SP, P, NA"
Andrew Pinckney,Washington Nationals,"CF, OF, Util, NA"
J.D. Gonzalez,Tampa Bay Rays,"C, Util, NA"
Devin Saltiban,Philadelphia Phillies,"2B, Util, NA"
Skylar Hales,Texas Rangers,"RP, P, NA"
Kristian Campbell,Boston Red Sox,"2B, Util, NA"
A.J. Ewing,New York Mets,"2B, CF, OF, Util, NA"
Ben Williamson,Seattle Mariners,"3B, Util, NA"
Connelly Early,Boston Red Sox,"SP, P, NA"
Brock Rodden,Seattle Mariners,"2B, 3B, SS, Util, NA"
Chase Jaworsky,Houston Astros,"2B, SS, Util, NA"
Jared Sundstrom,Seattle Mariners,"CF, OF, Util, NA"
Cade Denton,Colorado Rockies,"RP, P, NA"
Jack Wenninger,New York Mets,"SP, RP, P, NA"
Jonathon Long,Chicago Cubs,"1B, 3B, Util, NA"
Brody Hopkins,Tampa Bay Rays,"SP, P, NA"
Lucas Braun,Atlanta Braves,"SP, P, NA"
Cade Smith,New York Yankees,"SP, P, NA"
Ethan Pecko,Houston Astros,"SP, RP, P, NA"
RJ Schreck,Toronto Blue Jays,"OF, Util, NA"
Izack Tiger,Texas Rangers,"SP, P, NA"
Seth Halvorsen,Colorado Rockies,"RP, P"
Patrick Copen,Los Angeles Dodgers,"SP, P, NA"
Brett Bateman,Chicago Cubs,"CF, OF, Util, NA"
Craig Yoho,Milwaukee Brewers,"RP, P, NA"
Jackson Nezuh,Houston Astros,"SP, RP, P, NA"
James Hicks,Houston Astros,"SP, RP, P, NA"
Sammy Hernandez,St. Louis Cardinals,"C, Util, NA"
Daysbel Hernández,Atlanta Braves,"RP, P"
Tanner Gordon,Colorado Rockies,"SP, P"
Jhonny Severino,Pittsburgh Pirates,"3B, SS, Util, NA"
DJ Herz,Washington Nationals,"SP, P"
Estuar Suero,Pittsburgh Pirates,"CF, OF, Util, NA"
Matt Svanson,St. Louis Cardinals,"RP, P"
Jake Eder,Chicago White Sox,"RP, P"
Jeremy Rodriguez,New York Mets,"2B, SS, Util, NA"
Bradley Blalock,Colorado Rockies,"SP, P"
Zack Showalter,St. Louis Cardinals,"RP, P, NA"
Zach Penrod,Boston Red Sox,"RP, P"
Evan Justice,Colorado Rockies,"RP, P"
Carson Spiers,Cincinnati Reds,"SP, RP, P"
Kelvin Cáceres,Los Angeles Angels,"RP, P"
Yoshinobu Yamamoto,Los Angeles Dodgers,"SP, P"
Keider Montero,Detroit Tigers,"SP, P"
Michael Petersen,Toronto Blue Jays,"RP, P, NA"
Max Lazar,Philadelphia Phillies,"RP, P"
Brady Basso,Athletics,"SP, P"
Angel Chivilli,Colorado Rockies,"RP, P"
Juan Mejia,Colorado Rockies,"RP, P"
Jacob Hurtubise,Cincinnati Reds,"OF, Util"
Yoniel Curet,Tampa Bay Rays,"SP, P"
Michael Arias,New York Yankees,"RP, P"
Jose Corniell,Texas Rangers,"SP, P"
Will Klein,Seattle Mariners,"RP, P"
Tsung-Che Cheng,Pittsburgh Pirates,"2B, SS, Util"
Jung Hoo Lee,San Francisco Giants,"CF, OF, Util"
Ryan Fernandez,St. Louis Cardinals,"RP, P"
Justin Slaten,Boston Red Sox,"RP, P"
Yuki Matsui,San Diego Padres,"RP, P"
Jansel Luis,Arizona Diamondbacks,"2B, 3B, SS, Util, NA"
Christian Cerda,Arizona Diamondbacks,"C, Util, NA"
Luis Guanipa,Atlanta Braves,"CF, OF, Util, NA"
Tyler Owens,Detroit Tigers,"RP, P"
Luis Almeyda,Baltimore Orioles,"3B, SS, Util, NA"
Luis De León,Baltimore Orioles,"SP, RP, P, NA"
Juan Nunez,San Diego Padres,"SP, P"
Alex Pham,Baltimore Orioles,"SP, P, NA"
Yoeilin Cespedes,Boston Red Sox,"SS, Util, NA"
Angel Bastardo,Toronto Blue Jays,"SP, P"
Yordanny Monegro,Boston Red Sox,"SP, P, NA"
Johanfran Garcia,Boston Red Sox,"C, Util, NA"
Franklin Arias,Boston Red Sox,"2B, SS, Util, NA"
Jefferson Rojas,Chicago Cubs,"SS, Util, NA"
Derniche Valdez,Chicago Cubs,"2B, SS, Util, NA"
Brody McCullough,Chicago Cubs,"SP, P, NA"
Brooks Baldwin,Chicago White Sox,"2B, SS, Util"
Alfredo Duno,Cincinnati Reds,"C, Util, NA"
Hector Rodriguez,Cincinnati Reds,"OF, Util, NA"
Sheng-En Lin,Cincinnati Reds,"3B, SS, Util, NA"
Julian Aguiar,Cincinnati Reds,"SP, P"
Adam Serwinowski,Cincinnati Reds,"SP, P, NA"
Zach Maxwell,Cincinnati Reds,"RP, P, NA"
Welbyn Francisca,Cleveland Guardians,"2B, SS, Util, NA"
Jackson Humphries,Cleveland Guardians,"SP, P, NA"
Robert Calaz,Colorado Rockies,"CF, OF, Util, NA"
Jordy Vargas,Colorado Rockies,"SP, P, NA"
Enrique Jimenez,Detroit Tigers,"C, 1B, Util, NA"
Justice Bigbie,Detroit Tigers,"OF, Util, NA"
Luis Baez,Houston Astros,"OF, Util, NA"
Joey Loperfido,Toronto Blue Jays,"CF, OF, Util"
Rhett Kouba,Houston Astros,"SP, P, NA"
Trey Dombroski,Houston Astros,"SP, RP, P, NA"
Jose Fleury,Houston Astros,"SP, RP, P, NA"
Luinder Avila,Kansas City Royals,"SP, P"
Dario Laverde,Los Angeles Angels,"C, Util, NA"
Felix Morrobel,Los Angeles Angels,"SS, Util, NA"
Juan Flores,Los Angeles Angels,"C, Util, NA"
Capri Ortiz,Los Angeles Angels,"SS, Util, NA"
Anthony Scull,Los Angeles Angels,"CF, OF, Util, NA"
Josue De Paula,Los Angeles Dodgers,"OF, Util, NA"
River Ryan,Los Angeles Dodgers,"SP, P"
Payton Martin,Los Angeles Dodgers,"SP, P, NA"
Joendry Vargas,Los Angeles Dodgers,"SS, Util, NA"
Thayron Liranzo,Detroit Tigers,"C, Util, NA"
Justin Wrobleski,Los Angeles Dodgers,"SP, P"
Hyun-Seok Jang,Los Angeles Dodgers,"SP, P, NA"
Andres Valor,Miami Marlins,"CF, OF, Util, NA"
Yophery Rodriguez,Milwaukee Brewers,"CF, OF, Util, NA"
Filippo Di Turi,Milwaukee Brewers,"2B, SS, Util, NA"
Juan Baez,Milwaukee Brewers,"2B, 3B, Util, NA"
Cory Lewis,Minnesota Twins,"SP, P, NA"
C.J. Culpepper,Minnesota Twins,"SP, P, NA"
Ricardo Olivar,Minnesota Twins,"C, OF, Util, NA"
Zebby Matthews,Minnesota Twins,"SP, P"
Andrew Morris,Minnesota Twins,"SP, P, NA"
Tyler Stuart,Washington Nationals,"SP, P, NA"
Brando Mayea,New York Yankees,"CF, OF, Util, NA"
Henry Lalane,New York Yankees,"SP, P, NA"
Zach Messinger,New York Yankees,"SP, P, NA"
Jared Serna,Miami Marlins,"2B, SS, Util"
Keiner Delgado,Pittsburgh Pirates,"2B, SS, Util, NA"
Carlos Lagrange,New York Yankees,"SP, P, NA"
Luis Morales,Athletics,"SP, P, NA"
Starlyn Caba,Miami Marlins,"SS, Util, NA"
Wen Hui Pan,Philadelphia Phillies,"RP, P, NA"
Raylin Heredia,Philadelphia Phillies,"OF, Util, NA"
Eduardo Tait,Philadelphia Phillies,"C, Util, NA"
Sam Aldegheri,Los Angeles Angels,"SP, P"
Bryan Rincon,Philadelphia Phillies,"SS, Util, NA"
Graham Pauley,Miami Marlins,Util
Isaiah Lowe,San Diego Padres,"SP, P, NA"
Rayner Arias,San Francisco Giants,"CF, OF, Util, NA"
Hayden Birdsong,San Francisco Giants,"SP, P"
Onil Perez,San Francisco Giants,"C, Util, NA"
Felnin Celesten,Seattle Mariners,"SS, Util, NA"
Jeter Martinez,Seattle Mariners,"SP, P, NA"
Jimmy Joyce,Seattle Mariners,"SP, P, NA"
Brailer Guerrero,Tampa Bay Rays,"CF, OF, Util, NA"
Sebastian Walcott,Texas Rangers,"3B, SS, Util, NA"
Aidan Curry,Texas Rangers,"SP, P, NA"
Echedry Vargas,Miami Marlins,"2B, SS, Util, NA"
Winston Santos,Texas Rangers,"SP, P"
Shota Imanaga,Chicago Cubs,"SP, P"
Zyhir Hope,Los Angeles Dodgers,"OF, Util, NA"
Yariel Rodríguez,Toronto Blue Jays,"SP, P"
Grant Wolfram,Milwaukee Brewers,"RP, P"
Liam Hicks,Miami Marlins,"C, Util"
Chris Roycroft,St. Louis Cardinals,"RP, P"
Austin Krob,San Diego Padres,"SP, P, NA"
Justin Sterner,Athletics,"RP, P"
Hayden Harris,Atlanta Braves,"RP, P, NA"
Luis González,Baltimore Orioles,"RP, P"
Humberto Cruz,San Diego Padres,"SP, P, NA"
AJ Blubaugh,Houston Astros,"SP, P, NA"
Waner Luciano,Houston Astros,"2B, 3B, Util, NA"
Ryan Gusto,Houston Astros,"SP, P"
Connor Gillispie,Miami Marlins,"RP, P"
Mason Adams,Chicago White Sox,"SP, P, NA"
Blas Castano,Seattle Mariners,"SP, P"
Cole Paplham,San Diego Padres,"RP, P, NA"
Shane Smith,Chicago White Sox,"RP, P"
Anderson Pilar,Atlanta Braves,"RP, P"
Eric Cerantola,Kansas City Royals,"RP, P"
Braden Nett,San Diego Padres,"SP, P, NA"
Logan Evans,Seattle Mariners,"SP, RP, P, NA"
Bryan King,Houston Astros,"RP, P"
Brandyn Garcia,Seattle Mariners,"SP, P, NA"
Brett Wichrowski,Milwaukee Brewers,"SP, P, NA"
Rubel Cespedes,Minnesota Twins,"1B, 2B, 3B, Util, NA"
Jeral Perez,Chicago White Sox,"2B, SS, Util, NA"
Leodalis De Vries,San Diego Padres,"SS, Util, NA"
Jack Choate,San Francisco Giants,"SP, P, NA"
Charles McAdoo,Toronto Blue Jays,"3B, OF, Util, NA"
Victor Arias,Toronto Blue Jays,"CF, OF, Util, NA"
Josue Briceno,Detroit Tigers,"C, 1B, Util, NA"
Pedro Ramirez,Chicago Cubs,"2B, 3B, Util, NA"
Zach Agnos,Colorado Rockies,"RP, P, NA"
Alexander Albertus,Chicago White Sox,"3B, Util, NA"
Jared Karros,Los Angeles Dodgers,"SP, P, NA"
Valente Bellozo,Miami Marlins,"SP, P"
Payton Eeles,Minnesota Twins,"2B, SS, Util, NA"
Charlie Condon,Colorado Rockies,"3B, OF, Util, NA"
Travis Bazzana,Cleveland Guardians,"2B, Util, NA"
Jac Caglianone,Kansas City Royals,"1B, Util, NA"
Nick Kurtz,Athletics,"1B, Util, NA"
Braden Montgomery,Chicago White Sox,"OF, Util, NA"
Hagen Smith,Chicago White Sox,"SP, P, NA"
Chase Burns,Cincinnati Reds,"SP, P, NA"
JJ Wetherholt,St. Louis Cardinals,"SS, Util, NA"
Konnor Griffin,Pittsburgh Pirates,"SS, Util, NA"
Bryce Rainer,Detroit Tigers,"SS, Util, NA"
Trey Yesavage,Toronto Blue Jays,"SP, P, NA"
Seaver King,Washington Nationals,"SS, Util, NA"
Caleb Lomavita,Washington Nationals,"C, Util, NA"
Billy Amick,Minnesota Twins,"3B, Util, NA"
Tommy White,Athletics,"3B, Util, NA"
Cam Caminiti,Atlanta Braves,"SP, P, NA"
Ryan Sloan,Seattle Mariners,"SP, P, NA"
Slade Caldwell,Arizona Diamondbacks,"OF, Util, NA"
Carson Benge,New York Mets,"CF, OF, Util, NA"
Cam Smith,Houston Astros,"3B, Util, NA"
Vance Honeycutt,Baltimore Orioles,"CF, OF, Util, NA"
Dakota Jordan,San Francisco Giants,"CF, OF, Util, NA"
Walker Janek,Houston Astros,"C, Util, NA"
Theo Gillen,Tampa Bay Rays,"CF, OF, Util, NA"
Kash Mayfield,San Diego Padres,"SP, P, NA"
Brody Brecht,Colorado Rockies,"SP, P, NA"
Jonathan Santucci,New York Mets,"SP, P, NA"
Kellon Lindsey,Los Angeles Dodgers,"SS, Util, NA"
Kaelen Culpepper,Minnesota Twins,"SS, Util, NA"
Malcolm Moore,Texas Rangers,"C, Util, NA"
Bryce Cunningham,New York Yankees,"SP, P, NA"
Joey Oakie,Cleveland Guardians,"RP, P, NA"
Wyatt Sanford,Pittsburgh Pirates,"SS, Util, NA"
David Shields,Kansas City Royals,"SP, P, NA"
Braylon Doughty,Cleveland Guardians,"SP, P, NA"
Griff O'Ferrall,Baltimore Orioles,"SS, Util, NA"
Jacob Cozart,Cleveland Guardians,"C, Util, NA"
Carter Johnson,Miami Marlins,"SS, Util, NA"
Jurrangelo Cijntje,Seattle Mariners,"SP, P, NA"
Ben Hess,New York Yankees,"SP, P, NA"
Tyson Lewis,Cincinnati Reds,"SS, Util, NA"
Boston Bateman,San Diego Padres,"SP, P, NA"
Dasan Hill,Minnesota Twins,"SP, P, NA"
Levi Sterling,Pittsburgh Pirates,"SP, P, NA"
Carter Holton,Atlanta Braves,"SP, P, NA"
Kevin Bazzell,Washington Nationals,"C, Util, NA"
Dante Nori,Philadelphia Phillies,"CF, OF, Util, NA"
PJ Morlando,Miami Marlins,"OF, Util, NA"
Jared Thomas,Colorado Rockies,"OF, Util, NA"
Christian Moore,Los Angeles Angels,"2B, Util, NA"
Braylon Payne,Milwaukee Brewers,"OF, Util, NA"
Josh Hartle,Cleveland Guardians,"RP, P, NA"
Luke Holman,Cincinnati Reds,"SP, P, NA"
Drew Beam,Kansas City Royals,"SP, P, NA"
Ryan Johnson,Los Angeles Angels,"SP, P, NA"
Mike Sirota,Los Angeles Dodgers,"OF, Util, NA"
Caleb Bonemer,Chicago White Sox,"SS, Util, NA"
Tristan Smith,Cincinnati Reds,"SP, P, NA"
Owen Hall,Detroit Tigers,"SP, P, NA"
Kavares Tears,San Diego Padres,"OF, Util, NA"
Gage Jump,Athletics,"SP, P, NA"
Blake Burke,Milwaukee Brewers,"1B, Util, NA"
Peyton Stovall,Cincinnati Reds,"2B, Util, NA"
Ethan Anderson,Baltimore Orioles,"C, 1B, Util, NA"
Tyson Neighbors,San Diego Padres,"RP, P, NA"
Chase Mobley,Cleveland Guardians,"SP, P, NA"
Ryan Forcucci,Houston Astros,"SP, P, NA"
Gage Miller,Miami Marlins,"2B, 3B, Util, NA"
Kyle DeBarge,Minnesota Twins,"2B, SS, Util, NA"
Dylan Dreiling,Texas Rangers,"CF, OF, Util, NA"
Chris Cortez,Los Angeles Angels,"RP, P, NA"
Payton Tolle,Boston Red Sox,"SP, P, NA"
Gage Ziehl,New York Yankees,"SP, P, NA"
Matt Ager,Pittsburgh Pirates,"RP, P, NA"
Carson DeMartini,Philadelphia Phillies,"3B, Util, NA"
Bryce Meccage,Milwaukee Brewers,"SP, P, NA"
Cameron Sullivan,Cleveland Guardians,"SP, P, NA"
Griffin Burkholder,Philadelphia Phillies,"OF, Util, NA"
Blake Larson,Chicago White Sox,"SP, P, NA"
Ty Southisene,Chicago Cubs,"SS, Util, NA"
Thatcher Hurd,New York Yankees,"SP, P, NA"
Connor Foley,Arizona Diamondbacks,"SP, P, NA"
Austin Overn,Baltimore Orioles,"CF, OF, Util, NA"
Rodney Green,Athletics,"CF, OF, Util, NA"
Aiden May,Miami Marlins,"SP, P, NA"
Ethan Schiefelbein,Detroit Tigers,"SP, P, NA"
Daniel Eagen,Arizona Diamondbacks,"SP, P, NA"
JD Dix,Arizona Diamondbacks,"SS, Util, NA"
Cole Mathis,Chicago Cubs,"3B, Util, NA"
Kale Fountain,San Diego Padres,"3B, Util, NA"
Josh Kuroda-Grauer,Athletics,"SS, Util, NA"
Travis Smith,Milwaukee Brewers,"SP, P, NA"
Chase Harlan,Los Angeles Dodgers,"3B, Util, NA"
Trey Gregory-Alford,Los Angeles Angels,"SP, P, NA"
Johnny King,Toronto Blue Jays,"SP, P, NA"
John Spikerman,Philadelphia Phillies,"OF, Util, NA"
Jackson Kent,Washington Nationals,"SP, P, NA"
Casey Saucke,Chicago White Sox,"OF, Util, NA"
Robert Hipwell,San Francisco Giants,"3B, Util, NA"
Cole Messina,Colorado Rockies,"C, Util, NA"
Grant Shepardson,Miami Marlins,"SP, P, NA"
Josh Randall,Detroit Tigers,"SP, P, NA"
Jakob Wright,Los Angeles Dodgers,"SP, P, NA"
Gerson Garabito,Texas Rangers,"RP, P"
Ryan Waldschmidt,Arizona Diamondbacks,"OF, Util, NA"
Luke Dickerson,Washington Nationals,"SS, Util, NA"
Khal Stephen,Toronto Blue Jays,"SP, P, NA"
Nick McLain,Chicago White Sox,"OF, Util, NA"
Trey Snyder,New York Mets,"3B, SS, Util, NA"
Griffin Herring,New York Yankees,"SP, RP, P, NA"
Khadim Diaw,Minnesota Twins,"C, OF, Util, NA"
Nate Dohm,New York Mets,"SP, P, NA"
Zach Swanson,Detroit Tigers,"SP, P, NA"
Casey Cook,Texas Rangers,"2B, Util, NA"
Josh Caron,Seattle Mariners,"C, Util, NA"
Ryan Campos,St. Louis Cardinals,"C, Util, NA"
Sam Stuhr,Athletics,"SP, P, NA"
Luke Sinnard,Atlanta Braves,"SP, P, NA"
Émilien Pitre,Tampa Bay Rays,"2B, Util, NA"
Brandon Neely,Boston Red Sox,"RP, P, NA"
Nick Montgomery,Atlanta Braves,"C, Util, NA"
Carter Mathison,Philadelphia Phillies,"OF, Util, NA"
Sean Keys,Toronto Blue Jays,"3B, Util, NA"
Hunter Cranton,Seattle Mariners,"RP, P, NA"
Jakob Christian,San Francisco Giants,"OF, Util, NA"
Ivan Luciano,Arizona Diamondbacks,"C, Util, NA"
Carson Messina,Toronto Blue Jays,"SP, P, NA"
Brian Holiday,St. Louis Cardinals,"SP, P, NA"
Mason Molina,Texas Rangers,"SP, P, NA"
L.P. Langevin,Kansas City Royals,"RP, P, NA"
Ethan Bagwell,Atlanta Braves,"SP, P, NA"
Clark Candiotti,San Diego Padres,"SP, P, NA"
Dylan Jordan,Los Angeles Angels,"SP, P, NA"
Cobb Hightower,San Diego Padres,"SS, Util, NA"
Ronny Cruz,Chicago Cubs,"SS, Util, NA"
Herick Hernandez,Atlanta Braves,"SP, P, NA"
Luke Hayden,Cincinnati Reds,"RP, P, NA"
DJ Layton,Baltimore Orioles,"SS, Util, NA"
Yujanyer Herrera,Colorado Rockies,"SP, RP, P, NA"
Jacob Bresnahan,San Francisco Giants,"SP, P, NA"
Moisés Chace,Philadelphia Phillies,"SP, RP, P"
Orlando Ribalta,Washington Nationals,"RP, P"
Ben Casparius,Los Angeles Dodgers,"RP, P"
Luis Peralta,Colorado Rockies,"RP, P"
Roki Sasaki,Los Angeles Dodgers,"SP, P, NA"
Hunter Dobbins,Boston Red Sox,"SP, P"
Luis Mey,Cincinnati Reds,"RP, P"
Brandon Young,Baltimore Orioles,"SP, P"
Travis Adams,Minnesota Twins,"SP, P"
Carson Ragsdale,San Francisco Giants,"SP, P"
Henry Baez,San Diego Padres,"SP, P"
Hyeseong Kim,Los Angeles Dodgers,"2B, SS, Util"
Garrett McDaniels,Los Angeles Angels,"RP, P"
Eiberson Castellano,Minnesota Twins,"SP, P"
Tomoyuki Sugano,Baltimore Orioles,"SP, P"
Jesus Made,Milwaukee Brewers,"3B, SS, Util, NA"
Luis Pena,Milwaukee Brewers,"3B, SS, Util, NA"
Jorge Quintana,Milwaukee Brewers,"3B, SS, Util, NA"
K.C. Hunt,Milwaukee Brewers,"SP, RP, P, NA"
Joswa Lugo,Los Angeles Angels,"SS, Util, NA"
Hayden Alvarez,Los Angeles Angels,"CF, OF, Util, NA"
Dioris De La Rosa,Los Angeles Angels,"SP, P, NA"
Ubaldo Soto,Los Angeles Angels,"SP, P, NA"
Anderson Brito,Houston Astros,"SP, P, NA"
Pascanel Ferreras,Houston Astros,"2B, 3B, SS, Util, NA"
Jancel Villarroel,Houston Astros,"C, 1B, Util, NA"
Will Johnston,Athletics,"SP, RP, P, NA"
Jose Perdomo,Atlanta Braves,"SS, Util, NA"
Jhancarlos Lara,Atlanta Braves,"SP, P, NA"
Jeremy Reyes,Atlanta Braves,"SP, P, NA"
Darlin Saladin,St. Louis Cardinals,"SP, P, NA"
Branneli Franco,St. Louis Cardinals,"SP, P, NA"
Rainiel Rodriguez,St. Louis Cardinals,"C, Util, NA"
Yairo Padilla,St. Louis Cardinals,"SS, Util, NA"
Luis Gastelum,St. Louis Cardinals,"RP, P, NA"
Adriel Radney,Arizona Diamondbacks,"OF, Util, NA"
Yassel Soler,Arizona Diamondbacks,"3B, Util, NA"
Demetrio Crisantes,Arizona Diamondbacks,"2B, 3B, Util, NA"
Alberto Barriga,Arizona Diamondbacks,"C, Util, NA"
Fernando Cruz,Chicago Cubs,"SS, Util, NA"
Stiven Martinez,Baltimore Orioles,"CF, OF, Util, NA"
Thomas Sosa,Baltimore Orioles,"OF, Util, NA"
Michael Forret,Baltimore Orioles,"SP, RP, P, NA"
Joshua Liranzo,Baltimore Orioles,"3B, Util, NA"
Emilio Sanchez,Baltimore Orioles,"SS, Util, NA"
Esteban Mejia,Baltimore Orioles,"SP, P, NA"
Keeler Morfe,Baltimore Orioles,"SP, P, NA"
Jordan Sanchez,Baltimore Orioles,"CF, OF, Util, NA"
Jedixson Paez,Boston Red Sox,"SP, RP, P, NA"
Juan Valera,Boston Red Sox,"SP, P, NA"
Hayden Mullins,Boston Red Sox,"SP, RP, P, NA"
Nelly Taylor,Boston Red Sox,"CF, OF, Util, NA"
Jojo Ingrassia,Boston Red Sox,"SP, RP, P, NA"
Dalvinson Reyes,Boston Red Sox,"SP, P, NA"
Angel Cepeda,Chicago Cubs,"2B, 3B, SS, Util, NA"
Aldrin Batista,Chicago White Sox,"SP, P, NA"
Kyle Henley,Cincinnati Reds,"CF, OF, Util, NA"
Robert Arias,Cleveland Guardians,"CF, OF, Util, NA"
Ryan Webb,Cleveland Guardians,"SP, P, NA"
Michael Prosecky,Colorado Rockies,"SP, P, NA"
Ashly Andujar,Colorado Rockies,"SS, Util, NA"
Franyerber Montilla,Detroit Tigers,"2B, 3B, SS, Util, NA"
Nestor Miranda,Detroit Tigers,"3B, Util, NA"
Yandel Ricardo,Kansas City Royals,"SS, Util, NA"
Ramon Ramirez,Kansas City Royals,"C, Util, NA"
Steven Zobac,Kansas City Royals,"SP, P, NA"
Jhonayker Ugarte,Kansas City Royals,"3B, Util, NA"
Asbel Gonzalez,Kansas City Royals,"CF, OF, Util, NA"
Felix Arronde,Kansas City Royals,"SP, P, NA"
Hyungchan Um,Kansas City Royals,"C, Util, NA"
Emil Morales,Los Angeles Dodgers,"SS, Util, NA"
Eduardo Quintero,Los Angeles Dodgers,"CF, OF, Util, NA"
Ching-Hsien Ko,Los Angeles Dodgers,"OF, Util, NA"
Samuel Sanchez,Los Angeles Dodgers,"SP, P, NA"
Keyner Benitez,Miami Marlins,"SP, P, NA"
Luis Cova,Miami Marlins,"CF, OF, Util, NA"
Brayan Mendoza,Miami Marlins,"SP, P, NA"
Eduardo Beltre,Minnesota Twins,"CF, OF, Util, NA"
Dameury Pena,Minnesota Twins,"2B, Util, NA"
Cesar Lares,Minnesota Twins,"SP, P, NA"
Jose Olivares,Minnesota Twins,"SP, P, NA"
Adrian Bohorquez,Minnesota Twins,"SP, P, NA"
Jonah Tong,New York Mets,"SP, P, NA"
Daiverson Gutierrez,New York Mets,"C, Util, NA"
Edward Lantigua,New York Mets,"CF, OF, Util, NA"
Yovanny Rodriguez,New York Mets,"C, Util, NA"
Francisco Vilorio,New York Yankees,"CF, OF, Util, NA"
Edgleen Perez,New York Yankees,"C, Util, NA"
Sabier Marte,New York Yankees,"SP, RP, P, NA"
Cam Schlittler,New York Yankees,"SP, P, NA"
Engelth Urena,New York Yankees,"C, 1B, Util, NA"
Aroon Escobar,Philadelphia Phillies,"2B, 3B, Util, NA"
Mavis Graves,Philadelphia Phillies,"SP, P, NA"
Otto Kemp,Philadelphia Phillies,"2B, 3B, Util, NA"
Alirio Ferrebus,Philadelphia Phillies,"C, Util, NA"
Edward Florentino,Pittsburgh Pirates,"1B, CF, OF, Util, NA"
Bradgley Rodriguez,San Diego Padres,"RP, P, NA"
Francis Pena,San Diego Padres,"RP, P, NA"
Romeo Sanabria,San Diego Padres,"1B, Util, NA"
David Morgan,San Diego Padres,"RP, P, NA"
Jhonny Level,San Francisco Giants,"SS, Util, NA"
Trent Harris,San Francisco Giants,"RP, P, NA"
Yohendry Sanchez,San Francisco Giants,"C, Util, NA"
Jose Ortiz,San Francisco Giants,"CF, OF, Util, NA"
Bo Davidson,San Francisco Giants,"OF, Util, NA"
Oliver Tejada,San Francisco Giants,"CF, OF, Util, NA"
Dawel Joseph,Seattle Mariners,"SS, Util, NA"
Dylan Wilson,Seattle Mariners,"SP, RP, P, NA"
Gary Gill Hill,Tampa Bay Rays,"SP, P, NA"
Jose Urbina,Tampa Bay Rays,"SP, P, NA"
Ty Johnson,Tampa Bay Rays,"SP, RP, P, NA"
Paulino Santana,Texas Rangers,"CF, OF, Util, NA"
Yolfran Castillo,Texas Rangers,"SS, Util, NA"
Braylin Morel,Texas Rangers,"OF, Util, NA"
Kohl Drake,Texas Rangers,"SP, P, NA"
Yeremi Cabrera,Texas Rangers,"CF, OF, Util, NA"
Victor Hurtado,Washington Nationals,"OF, Util, NA"
Angel Feliz,Washington Nationals,"SS, Util, NA"
Marquis Grissom Jr.,Washington Nationals,"RP, P, NA"
Brad Lord,Washington Nationals,"SP, P, NA"
Fernando Perez,Toronto Blue Jays,"SP, P, NA"
Adolfo Sanchez,Cincinnati Reds,"CF, OF, Util, NA"
Naibel Mariano,Cincinnati Reds,"SS, Util, NA"
Eli Serrano III,New York Mets,"OF, Util, NA"
James Tibbs III,San Francisco Giants,"OF, Util, NA"
Shinnosuke Ogasawara,Washington Nationals,"SP, P"
Shohei Ohtani (Batter),Los Angeles Dodgers,Util
Shohei Ohtani (Pitcher),Los Angeles Dodgers,"SP, P"
Michael Lorenzen (Batter),Kansas City Royals,"CF, OF, Util"
