player_id,player_name,ownership_type_2025,owned_by_2025,fbp_team_2025,manager_2025,team_name_2025,ownership_type_2026,owned_by_2026,fbp_team_2026,manager_2026,team_name_2026
8180,Clayton Kershaw,team,458.l.15505.t.2,B2J,Lauren,Btwn2Jackies,,,,,
8658,Freddie Freeman,team,458.l.15505.t.7,LAW,Mike,Law Abiding Citizen,team,469.l.8560.t.8,SAD,ben,not much of a donkey
8780,Chris Sale,team,458.l.15505.t.4,HAM,Nathan,Hammers,team,469.l.8560.t.5,JEP,John Mobley,Jepordizers
8875,Bryce Harper,team,458.l.15505.t.2,B2J,Lauren,Btwn2Jackies,team,469.l.8560.t.3,CFL,Jake,Country Fried Lamb
8996,Jose Altuve,team,458.l.15505.t.7,LAW,Mike,Law Abiding Citizen,team,469.l.8560.t.8,SAD,ben,not much of a donkey
9007,Nathan Eovaldi,team,458.l.15505.t.8,SAD,ben,not much of a donkey,team,469.l.8560.t.9,DRO,Zakkeroni,Andromedans
9111,Manny Machado,team,458.l.15505.t.7,LAW,Mike,Law Abiding Citizen,team,469.l.8560.t.8,SAD,ben,not much of a donkey
9112,Jurickson Profar,team,458.l.15505.t.3,CFL,Jake,Country Fried Lamb,team,469.l.8560.t.4,HAM,Nathan,Hammers
9116,Francisco Lindor,team,458.l.15505.t.9,DRO,Zakkeroni,Andromedans,team,469.l.8560.t.2,B2J,Lauren,Btwn2Jackies
9124,Zack Wheeler,team,458.l.15505.t.2,B2J,Lauren,Btwn2Jackies,team,469.l.8560.t.3,CFL,Jake,Country Fried Lamb
9176,Jose Quintana,team,458.l.15505.t.2,B2J,Lauren,Btwn2Jackies,team,469.l.8560.t.3,CFL,Jake,Country Fried Lamb
9319,Xander Bogaerts,team,458.l.15505.t.7,LAW,Mike,Law Abiding Citizen,team,469.l.8560.t.8,SAD,ben,not much of a donkey
9334,Kevin Gausman,team,458.l.15505.t.2,B2J,Lauren,Btwn2Jackies,team,469.l.8560.t.3,CFL,Jake,Country Fried Lamb
9459,Sonny Gray,team,458.l.15505.t.4,HAM,Nathan,Hammers,team,469.l.8560.t.5,JEP,John Mobley,Jepordizers
9507,José Ramírez,team,458.l.15505.t.8,SAD,ben,not much of a donkey,team,469.l.8560.t.9,DRO,Zakkeroni,Andromedans
9552,Mookie Betts,team,458.l.15505.t.6,LFB,Alex,La Flama Blanca,team,469.l.8560.t.7,LAW,Mike,Law Abiding Citizen
9571,Trevor Story,team,458.l.15505.t.5,JEP,John Mobley,Jepordizers,team,469.l.8560.t.6,LFB,Alex,La Flama Blanca
9573,Carlos Correa,team,458.l.15505.t.3,CFL,Jake,Country Fried Lamb,team,469.l.8560.t.4,HAM,Nathan,Hammers
9582,Sean Manaea,team,458.l.15505.t.9,DRO,Zakkeroni,Andromedans,team,469.l.8560.t.2,B2J,Lauren,Btwn2Jackies
9584,Corey Seager,team,458.l.15505.t.4,HAM,Nathan,Hammers,team,469.l.8560.t.5,JEP,John Mobley,Jepordizers
9590,Byron Buxton,team,458.l.15505.t.6,LFB,Alex,La Flama Blanca,team,469.l.8560.t.7,LAW,Mike,Law Abiding Citizen
9605,Matt Olson,team,458.l.15505.t.8,SAD,ben,not much of a donkey,team,469.l.8560.t.9,DRO,Zakkeroni,Andromedans
9620,Max Fried,team,458.l.15505.t.2,B2J,Lauren,Btwn2Jackies,team,469.l.8560.t.3,CFL,Jake,Country Fried Lamb
9672,Blake Treinen,team,458.l.15505.t.7,LAW,Mike,Law Abiding Citizen,team,469.l.8560.t.8,SAD,ben,not much of a donkey
9691,Robbie Ray,team,458.l.15505.t.8,SAD,ben,not much of a donkey,team,469.l.8560.t.9,DRO,Zakkeroni,Andromedans
9718,J.T. Realmuto,team,458.l.15505.t.2,B2J,Lauren,Btwn2Jackies,team,469.l.8560.t.3,CFL,Jake,Country Fried Lamb
9750,Jorge Polanco,team,458.l.15505.t.4,HAM,Nathan,Hammers,team,469.l.8560.t.5,JEP,John Mobley,Jepordizers
9758,Kyle Hendricks,team,458.l.15505.t.11,TBB,Blake,The Bluke Blokes,,,,,
9815,Yimi García,team,458.l.15505.t.2,B2J,Lauren,Btwn2Jackies,team,469.l.8560.t.3,CFL,Jake,Country Fried Lamb
9846,Christian Walker,team,458.l.15505.t.3,CFL,Jake,Country Fried Lamb,team,469.l.8560.t.4,HAM,Nathan,Hammers
9861,Kyle Schwarber,team,458.l.15505.t.8,SAD,ben,not much of a donkey,team,469.l.8560.t.9,DRO,Zakkeroni,Andromedans
9876,Brandon Nimmo,team,458.l.15505.t.2,B2J,Lauren,Btwn2Jackies,team,469.l.8560.t.3,CFL,Jake,Country Fried Lamb
9877,Aaron Judge,team,458.l.15505.t.9,DRO,Zakkeroni,Andromedans,team,469.l.8560.t.2,B2J,Lauren,Btwn2Jackies
9882,Aaron Nola,team,458.l.15505.t.7,LAW,Mike,Law Abiding Citizen,team,469.l.8560.t.8,SAD,ben,not much of a donkey
9902,Raisel Iglesias,team,458.l.15505.t.9,DRO,Zakkeroni,Andromedans,team,469.l.8560.t.2,B2J,Lauren,Btwn2Jackies
10011,Matthew Boyd,team,458.l.15505.t.2,B2J,Lauren,Btwn2Jackies,team,469.l.8560.t.3,CFL,Jake,Country Fried Lamb
10131,Josh Hader,team,458.l.15505.t.6,LFB,Alex,La Flama Blanca,team,469.l.8560.t.7,LAW,Mike,Law Abiding Citizen
10148,Blake Snell,team,458.l.15505.t.7,LAW,Mike,Law Abiding Citizen,team,469.l.8560.t.8,SAD,ben,not much of a donkey
10152,Reynaldo López,team,458.l.15505.t.5,JEP,John Mobley,Jepordizers,team,469.l.8560.t.6,LFB,Alex,La Flama Blanca
10166,Willson Contreras,team,458.l.15505.t.8,SAD,ben,not much of a donkey,team,469.l.8560.t.9,DRO,Zakkeroni,Andromedans
10183,Alex Bregman,team,458.l.15505.t.3,CFL,Jake,Country Fried Lamb,team,469.l.8560.t.4,HAM,Nathan,Hammers
10205,Matt Chapman,team,458.l.15505.t.4,HAM,Nathan,Hammers,team,469.l.8560.t.5,JEP,John Mobley,Jepordizers
10214,Edwin Díaz,team,458.l.15505.t.9,DRO,Zakkeroni,Andromedans,team,469.l.8560.t.2,B2J,Lauren,Btwn2Jackies
10235,Rafael Devers,team,458.l.15505.t.2,B2J,Lauren,Btwn2Jackies,team,469.l.8560.t.3,CFL,Jake,Country Fried Lamb
10236,Gleyber Torres,team,458.l.15505.t.6,LFB,Alex,La Flama Blanca,team,469.l.8560.t.7,LAW,Mike,Law Abiding Citizen
10237,Ozzie Albies,team,458.l.15505.t.2,B2J,Lauren,Btwn2Jackies,team,469.l.8560.t.3,CFL,Jake,Country Fried Lamb
10274,Carlos Estévez,team,458.l.15505.t.6,LFB,Alex,La Flama Blanca,team,469.l.8560.t.7,LAW,Mike,Law Abiding Citizen
10418,Brad Keller,team,458.l.15505.t.3,CFL,Jake,Country Fried Lamb,team,469.l.8560.t.4,HAM,Nathan,Hammers
10420,Austin Riley,team,458.l.15505.t.9,DRO,Zakkeroni,Andromedans,team,469.l.8560.t.2,B2J,Lauren,Btwn2Jackies
10438,Dylan Cease,team,458.l.15505.t.7,LAW,Mike,Law Abiding Citizen,team,469.l.8560.t.8,SAD,ben,not much of a donkey
10440,Ian Happ,team,458.l.15505.t.3,CFL,Jake,Country Fried Lamb,team,469.l.8560.t.4,HAM,Nathan,Hammers
10465,Yandy Díaz,team,458.l.15505.t.2,B2J,Lauren,Btwn2Jackies,team,469.l.8560.t.3,CFL,Jake,Country Fried Lamb
10496,Taylor Ward,team,458.l.15505.t.4,HAM,Nathan,Hammers,team,469.l.8560.t.5,JEP,John Mobley,Jepordizers
10514,Luis Castillo,team,458.l.15505.t.2,B2J,Lauren,Btwn2Jackies,team,469.l.8560.t.3,CFL,Jake,Country Fried Lamb
10522,Trent Grisham,team,458.l.15505.t.2,B2J,Lauren,Btwn2Jackies,team,469.l.8560.t.3,CFL,Jake,Country Fried Lamb
10549,Grant Holmes,team,458.l.15505.t.5,JEP,John Mobley,Jepordizers,team,469.l.8560.t.6,LFB,Alex,La Flama Blanca
10565,Mitch Keller,team,458.l.15505.t.3,CFL,Jake,Country Fried Lamb,team,469.l.8560.t.4,HAM,Nathan,Hammers
10574,Adrian Morejon,team,458.l.15505.t.2,B2J,Lauren,Btwn2Jackies,team,469.l.8560.t.3,CFL,Jake,Country Fried Lamb
10591,Harrison Bader,team,458.l.15505.t.2,B2J,Lauren,Btwn2Jackies,team,469.l.8560.t.3,CFL,Jake,Country Fried Lamb
10592,Jack Flaherty,team,458.l.15505.t.5,JEP,John Mobley,Jepordizers,team,469.l.8560.t.6,LFB,Alex,La Flama Blanca
10601,Josh Lowe,team,458.l.15505.t.6,LFB,Alex,La Flama Blanca,team,469.l.8560.t.7,LAW,Mike,Law Abiding Citizen
10610,Cole Ragans,team,458.l.15505.t.8,SAD,ben,not much of a donkey,team,469.l.8560.t.9,DRO,Zakkeroni,Andromedans
10616,Lourdes Gurriel Jr.,team,458.l.15505.t.4,HAM,Nathan,Hammers,team,469.l.8560.t.5,JEP,John Mobley,Jepordizers
10626,Juan Soto,team,458.l.15505.t.9,DRO,Zakkeroni,Andromedans,team,469.l.8560.t.2,B2J,Lauren,Btwn2Jackies
10627,Jesús Luzardo,team,458.l.15505.t.6,LFB,Alex,La Flama Blanca,team,469.l.8560.t.7,LAW,Mike,Law Abiding Citizen
10639,Fernando Tatis Jr.,team,458.l.15505.t.6,LFB,Alex,La Flama Blanca,team,469.l.8560.t.7,LAW,Mike,Law Abiding Citizen
10642,Will Smith,team,458.l.15505.t.5,JEP,John Mobley,Jepordizers,team,469.l.8560.t.6,LFB,Alex,La Flama Blanca
10646,Ronald Acuña Jr.,team,458.l.15505.t.5,JEP,John Mobley,Jepordizers,team,469.l.8560.t.6,LFB,Alex,La Flama Blanca
10683,Nick Pivetta,team,458.l.15505.t.5,JEP,John Mobley,Jepordizers,team,469.l.8560.t.6,LFB,Alex,La Flama Blanca
10692,José Alvarado,team,458.l.15505.t.7,LAW,Mike,Law Abiding Citizen,team,469.l.8560.t.8,SAD,ben,not much of a donkey
10730,Brandon Woodruff,team,458.l.15505.t.6,LFB,Alex,La Flama Blanca,team,469.l.8560.t.7,LAW,Mike,Law Abiding Citizen
10765,Luis Robert Jr.,team,458.l.15505.t.2,B2J,Lauren,Btwn2Jackies,team,469.l.8560.t.3,CFL,Jake,Country Fried Lamb
10766,Bo Bichette,team,458.l.15505.t.2,B2J,Lauren,Btwn2Jackies,team,469.l.8560.t.3,CFL,Jake,Country Fried Lamb
10839,Jazz Chisholm Jr.,team,458.l.15505.t.6,LFB,Alex,La Flama Blanca,team,469.l.8560.t.7,LAW,Mike,Law Abiding Citizen
10843,Daulton Varsho,team,458.l.15505.t.9,DRO,Zakkeroni,Andromedans,team,469.l.8560.t.2,B2J,Lauren,Btwn2Jackies
10861,Brendon Little,team,458.l.15505.t.7,LAW,Mike,Law Abiding Citizen,team,469.l.8560.t.8,SAD,ben,not much of a donkey
10862,Hunter Greene,team,458.l.15505.t.6,LFB,Alex,La Flama Blanca,team,469.l.8560.t.7,LAW,Mike,Law Abiding Citizen
10867,Shane Bieber,team,458.l.15505.t.2,B2J,Lauren,Btwn2Jackies,team,469.l.8560.t.3,CFL,Jake,Country Fried Lamb
10877,Jake Burger,team,458.l.15505.t.6,LFB,Alex,La Flama Blanca,team,469.l.8560.t.7,LAW,Mike,Law Abiding Citizen
10883,Yordan Alvarez,team,458.l.15505.t.4,HAM,Nathan,Hammers,team,469.l.8560.t.5,JEP,John Mobley,Jepordizers
10893,Jo Adell,team,458.l.15505.t.8,SAD,ben,not much of a donkey,team,469.l.8560.t.9,DRO,Zakkeroni,Andromedans
10901,Dennis Santana,team,458.l.15505.t.6,LFB,Alex,La Flama Blanca,team,469.l.8560.t.7,LAW,Mike,Law Abiding Citizen
10916,Royce Lewis,team,458.l.15505.t.9,DRO,Zakkeroni,Andromedans,team,469.l.8560.t.2,B2J,Lauren,Btwn2Jackies
10918,Pete Alonso,team,458.l.15505.t.5,JEP,John Mobley,Jepordizers,team,469.l.8560.t.6,LFB,Alex,La Flama Blanca
10922,Mark Vientos,team,458.l.15505.t.6,LFB,Alex,La Flama Blanca,team,469.l.8560.t.7,LAW,Mike,Law Abiding Citizen
10934,Shane Baz,team,458.l.15505.t.3,CFL,Jake,Country Fried Lamb,team,469.l.8560.t.4,HAM,Nathan,Hammers
10940,MacKenzie Gore,team,458.l.15505.t.3,CFL,Jake,Country Fried Lamb,team,469.l.8560.t.4,HAM,Nathan,Hammers
10941,Joey Lucchesi,team,458.l.15505.t.4,HAM,Nathan,Hammers,team,469.l.8560.t.5,JEP,John Mobley,Jepordizers
11009,Jason Adam,team,458.l.15505.t.3,CFL,Jake,Country Fried Lamb,team,469.l.8560.t.4,HAM,Nathan,Hammers
11011,Seranthony Domínguez,team,458.l.15505.t.9,DRO,Zakkeroni,Andromedans,team,469.l.8560.t.2,B2J,Lauren,Btwn2Jackies
11104,Randy Arozarena,team,458.l.15505.t.6,LFB,Alex,La Flama Blanca,team,469.l.8560.t.7,LAW,Mike,Law Abiding Citizen
11117,Ranger Suárez,team,458.l.15505.t.3,CFL,Jake,Country Fried Lamb,team,469.l.8560.t.4,HAM,Nathan,Hammers
11118,Jeff McNeil,team,458.l.15505.t.3,CFL,Jake,Country Fried Lamb,team,469.l.8560.t.4,HAM,Nathan,Hammers
11121,Jeffrey Springs,team,458.l.15505.t.3,CFL,Jake,Country Fried Lamb,team,469.l.8560.t.4,HAM,Nathan,Hammers
11125,Brandon Lowe,team,458.l.15505.t.4,HAM,Nathan,Hammers,team,469.l.8560.t.5,JEP,John Mobley,Jepordizers
11138,Framber Valdez,team,458.l.15505.t.4,HAM,Nathan,Hammers,team,469.l.8560.t.5,JEP,John Mobley,Jepordizers
11202,Justin Steele,team,458.l.15505.t.7,LAW,Mike,Law Abiding Citizen,team,469.l.8560.t.8,SAD,ben,not much of a donkey
11203,Jimmy Herget,team,458.l.15505.t.5,JEP,John Mobley,Jepordizers,team,469.l.8560.t.6,LFB,Alex,La Flama Blanca
11208,Bryan Abreu,team,458.l.15505.t.2,B2J,Lauren,Btwn2Jackies,team,469.l.8560.t.3,CFL,Jake,Country Fried Lamb
11221,Luis Arraez,team,458.l.15505.t.8,SAD,ben,not much of a donkey,team,469.l.8560.t.9,DRO,Zakkeroni,Andromedans
11235,Logan Webb,team,458.l.15505.t.4,HAM,Nathan,Hammers,team,469.l.8560.t.5,JEP,John Mobley,Jepordizers
11277,Grayson Rodriguez,team,458.l.15505.t.6,LFB,Alex,La Flama Blanca,team,469.l.8560.t.7,LAW,Mike,Law Abiding Citizen
11290,TJ Friedl,team,458.l.15505.t.3,CFL,Jake,Country Fried Lamb,team,469.l.8560.t.4,HAM,Nathan,Hammers
11315,Cristian Javier,team,458.l.15505.t.7,LAW,Mike,Law Abiding Citizen,team,469.l.8560.t.8,SAD,ben,not much of a donkey
11323,Brady Singer,team,458.l.15505.t.9,DRO,Zakkeroni,Andromedans,team,469.l.8560.t.2,B2J,Lauren,Btwn2Jackies
11325,Jeremiah Jackson,team,458.l.15505.t.9,DRO,Zakkeroni,Andromedans,team,469.l.8560.t.2,B2J,Lauren,Btwn2Jackies
11349,Francisco Alvarez,team,458.l.15505.t.3,CFL,Jake,Country Fried Lamb,team,469.l.8560.t.4,HAM,Nathan,Hammers
11358,Garrett Whitlock,team,458.l.15505.t.7,LAW,Mike,Law Abiding Citizen,team,469.l.8560.t.8,SAD,ben,not much of a donkey
11370,Oneil Cruz,team,458.l.15505.t.4,HAM,Nathan,Hammers,team,469.l.8560.t.5,JEP,John Mobley,Jepordizers
11379,Ryan Weathers,team,458.l.15505.t.9,DRO,Zakkeroni,Andromedans,team,469.l.8560.t.2,B2J,Lauren,Btwn2Jackies
11381,Logan Gilbert,team,458.l.15505.t.4,HAM,Nathan,Hammers,team,469.l.8560.t.5,JEP,John Mobley,Jepordizers
11384,Julio Rodríguez,team,458.l.15505.t.8,SAD,ben,not much of a donkey,team,469.l.8560.t.9,DRO,Zakkeroni,Andromedans
11397,Matthew Liberatore,team,458.l.15505.t.7,LAW,Mike,Law Abiding Citizen,team,469.l.8560.t.8,SAD,ben,not much of a donkey
11398,Shane McClanahan,team,458.l.15505.t.6,LFB,Alex,La Flama Blanca,team,469.l.8560.t.7,LAW,Mike,Law Abiding Citizen
11417,Geraldo Perdomo,team,458.l.15505.t.3,CFL,Jake,Country Fried Lamb,team,469.l.8560.t.4,HAM,Nathan,Hammers
11482,Edwin Uceta,team,458.l.15505.t.3,CFL,Jake,Country Fried Lamb,team,469.l.8560.t.4,HAM,Nathan,Hammers
11489,Aaron Ashby,team,458.l.15505.t.6,LFB,Alex,La Flama Blanca,team,469.l.8560.t.7,LAW,Mike,Law Abiding Citizen
11495,Jhoan Duran,team,458.l.15505.t.7,LAW,Mike,Law Abiding Citizen,team,469.l.8560.t.8,SAD,ben,not much of a donkey
11526,Andrés Muñoz,team,458.l.15505.t.6,LFB,Alex,La Flama Blanca,team,469.l.8560.t.7,LAW,Mike,Law Abiding Citizen
11529,Noelvi Marte,team,458.l.15505.t.7,LAW,Mike,Law Abiding Citizen,team,469.l.8560.t.8,SAD,ben,not much of a donkey
11596,Tommy Edman,team,458.l.15505.t.3,CFL,Jake,Country Fried Lamb,team,469.l.8560.t.4,HAM,Nathan,Hammers
11597,Pete Fairbanks,team,458.l.15505.t.5,JEP,John Mobley,Jepordizers,team,469.l.8560.t.6,LFB,Alex,La Flama Blanca
11625,Emmanuel Clase,team,458.l.15505.t.7,LAW,Mike,Law Abiding Citizen,team,469.l.8560.t.8,SAD,ben,not much of a donkey
11644,Tyler Rogers,team,458.l.15505.t.4,HAM,Nathan,Hammers,team,469.l.8560.t.5,JEP,John Mobley,Jepordizers
11645,David Bednar,team,458.l.15505.t.8,SAD,ben,not much of a donkey,team,469.l.8560.t.9,DRO,Zakkeroni,Andromedans
11661,Michael King,team,458.l.15505.t.7,LAW,Mike,Law Abiding Citizen,team,469.l.8560.t.8,SAD,ben,not much of a donkey
11689,Luis Gil,team,458.l.15505.t.5,JEP,John Mobley,Jepordizers,team,469.l.8560.t.6,LFB,Alex,La Flama Blanca
11692,Jake Cronenworth,team,458.l.15505.t.3,CFL,Jake,Country Fried Lamb,team,469.l.8560.t.4,HAM,Nathan,Hammers
11704,Garrett Cleavinger,team,458.l.15505.t.5,JEP,John Mobley,Jepordizers,team,469.l.8560.t.6,LFB,Alex,La Flama Blanca
11717,Trevor Megill,team,458.l.15505.t.8,SAD,ben,not much of a donkey,team,469.l.8560.t.9,DRO,Zakkeroni,Andromedans
11722,Corbin Carroll,team,458.l.15505.t.7,LAW,Mike,Law Abiding Citizen,team,469.l.8560.t.8,SAD,ben,not much of a donkey
11728,Shea Langeliers,team,458.l.15505.t.6,LFB,Alex,La Flama Blanca,team,469.l.8560.t.7,LAW,Mike,Law Abiding Citizen
11732,Adley Rutschman,team,458.l.15505.t.3,CFL,Jake,Country Fried Lamb,team,469.l.8560.t.4,HAM,Nathan,Hammers
11735,Jarren Duran,team,458.l.15505.t.2,B2J,Lauren,Btwn2Jackies,team,469.l.8560.t.3,CFL,Jake,Country Fried Lamb
11750,Nick Lodolo,team,458.l.15505.t.6,LFB,Alex,La Flama Blanca,team,469.l.8560.t.7,LAW,Mike,Law Abiding Citizen
11763,Tarik Skubal,team,458.l.15505.t.6,LFB,Alex,La Flama Blanca,team,469.l.8560.t.7,LAW,Mike,Law Abiding Citizen
11768,Jeremy Peña,team,458.l.15505.t.6,LFB,Alex,La Flama Blanca,team,469.l.8560.t.7,LAW,Mike,Law Abiding Citizen
11771,Bobby Witt Jr.,team,458.l.15505.t.7,LAW,Mike,Law Abiding Citizen,team,469.l.8560.t.8,SAD,ben,not much of a donkey
11778,Michael Busch,team,458.l.15505.t.4,HAM,Nathan,Hammers,team,469.l.8560.t.5,JEP,John Mobley,Jepordizers
11789,Drew Rasmussen,team,458.l.15505.t.4,HAM,Nathan,Hammers,team,469.l.8560.t.5,JEP,John Mobley,Jepordizers
11796,Brett Baty,team,458.l.15505.t.5,JEP,John Mobley,Jepordizers,team,469.l.8560.t.6,LFB,Alex,La Flama Blanca
11805,Jasson Domínguez,team,458.l.15505.t.2,B2J,Lauren,Btwn2Jackies,team,469.l.8560.t.3,CFL,Jake,Country Fried Lamb
11822,CJ Abrams,team,458.l.15505.t.5,JEP,John Mobley,Jepordizers,team,469.l.8560.t.6,LFB,Alex,La Flama Blanca
11823,Joey Cantillo,team,458.l.15505.t.9,DRO,Zakkeroni,Andromedans,team,469.l.8560.t.2,B2J,Lauren,Btwn2Jackies
11826,George Kirby,team,458.l.15505.t.3,CFL,Jake,Country Fried Lamb,team,469.l.8560.t.4,HAM,Nathan,Hammers
11836,Ivan Herrera,team,458.l.15505.t.2,B2J,Lauren,Btwn2Jackies,team,469.l.8560.t.3,CFL,Jake,Country Fried Lamb
11846,Riley O'Brien,team,458.l.15505.t.5,JEP,John Mobley,Jepordizers,team,469.l.8560.t.6,LFB,Alex,La Flama Blanca
11847,Joe Ryan,team,458.l.15505.t.6,LFB,Alex,La Flama Blanca,team,469.l.8560.t.7,LAW,Mike,Law Abiding Citizen
11853,Alejandro Kirk,team,458.l.15505.t.3,CFL,Jake,Country Fried Lamb,team,469.l.8560.t.4,HAM,Nathan,Hammers
11855,Gabriel Moreno,team,458.l.15505.t.7,LAW,Mike,Law Abiding Citizen,team,469.l.8560.t.8,SAD,ben,not much of a donkey
11866,Andrew Vaughn,team,458.l.15505.t.5,JEP,John Mobley,Jepordizers,team,469.l.8560.t.6,LFB,Alex,La Flama Blanca
11903,Luis Garcia,team,458.l.15505.t.5,JEP,John Mobley,Jepordizers,,,,,
11914,Spencer Torkelson,team,458.l.15505.t.6,LFB,Alex,La Flama Blanca,team,469.l.8560.t.7,LAW,Mike,Law Abiding Citizen
11920,Alex Vesia,team,458.l.15505.t.6,LFB,Alex,La Flama Blanca,team,469.l.8560.t.7,LAW,Mike,Law Abiding Citizen
11998,Bryan Baker,team,458.l.15505.t.3,CFL,Jake,Country Fried Lamb,team,469.l.8560.t.4,HAM,Nathan,Hammers
12036,Ryan Pepiot,team,458.l.15505.t.5,JEP,John Mobley,Jepordizers,team,469.l.8560.t.6,LFB,Alex,La Flama Blanca
12037,Bobby Miller,team,458.l.15505.t.8,SAD,ben,not much of a donkey,team,469.l.8560.t.9,DRO,Zakkeroni,Andromedans
12056,Michael Harris II,team,458.l.15505.t.6,LFB,Alex,La Flama Blanca,team,469.l.8560.t.7,LAW,Mike,Law Abiding Citizen
12092,Eduard Bazardo,team,458.l.15505.t.2,B2J,Lauren,Btwn2Jackies,team,469.l.8560.t.3,CFL,Jake,Country Fried Lamb
12122,Jordan Westburg,team,458.l.15505.t.6,LFB,Alex,La Flama Blanca,team,469.l.8560.t.7,LAW,Mike,Law Abiding Citizen
12127,Owen Caissie,team,458.l.15505.t.5,JEP,John Mobley,Jepordizers,team,469.l.8560.t.6,LFB,Alex,La Flama Blanca
12136,Brenton Doyle,team,458.l.15505.t.5,JEP,John Mobley,Jepordizers,team,469.l.8560.t.6,LFB,Alex,La Flama Blanca
12141,Hunter Brown,team,458.l.15505.t.9,DRO,Zakkeroni,Andromedans,team,469.l.8560.t.2,B2J,Lauren,Btwn2Jackies
12148,Andy Pages,team,458.l.15505.t.4,HAM,Nathan,Hammers,team,469.l.8560.t.5,JEP,John Mobley,Jepordizers
12156,Cole Sands,team,458.l.15505.t.5,JEP,John Mobley,Jepordizers,team,469.l.8560.t.6,LFB,Alex,La Flama Blanca
12158,J.T. Ginn,team,458.l.15505.t.8,SAD,ben,not much of a donkey,team,469.l.8560.t.9,DRO,Zakkeroni,Andromedans
12203,Griffin Jax,team,458.l.15505.t.3,CFL,Jake,Country Fried Lamb,team,469.l.8560.t.4,HAM,Nathan,Hammers
12215,Tylor Megill,team,458.l.15505.t.6,LFB,Alex,La Flama Blanca,team,469.l.8560.t.7,LAW,Mike,Law Abiding Citizen
12281,Spencer Strider,team,458.l.15505.t.4,HAM,Nathan,Hammers,team,469.l.8560.t.5,JEP,John Mobley,Jepordizers
12305,Randy Rodríguez,team,458.l.15505.t.9,DRO,Zakkeroni,Andromedans,team,469.l.8560.t.2,B2J,Lauren,Btwn2Jackies
12309,Jonathan Aranda,team,458.l.15505.t.4,HAM,Nathan,Hammers,team,469.l.8560.t.5,JEP,John Mobley,Jepordizers
12314,Steven Kwan,team,458.l.15505.t.3,CFL,Jake,Country Fried Lamb,team,469.l.8560.t.4,HAM,Nathan,Hammers
12328,Ronny Henriquez,team,458.l.15505.t.4,HAM,Nathan,Hammers,team,469.l.8560.t.5,JEP,John Mobley,Jepordizers
12336,Maikel Garcia,team,458.l.15505.t.9,DRO,Zakkeroni,Andromedans,team,469.l.8560.t.2,B2J,Lauren,Btwn2Jackies
12345,Kyle Bradish,team,458.l.15505.t.8,SAD,ben,not much of a donkey,team,469.l.8560.t.9,DRO,Zakkeroni,Andromedans
12351,Brendan Donovan,team,458.l.15505.t.2,B2J,Lauren,Btwn2Jackies,team,469.l.8560.t.3,CFL,Jake,Country Fried Lamb
12354,Robert Suarez,team,458.l.15505.t.2,B2J,Lauren,Btwn2Jackies,team,469.l.8560.t.3,CFL,Jake,Country Fried Lamb
12356,Ryne Nelson,team,458.l.15505.t.8,SAD,ben,not much of a donkey,team,469.l.8560.t.9,DRO,Zakkeroni,Andromedans
12370,Connor Norby,team,458.l.15505.t.9,DRO,Zakkeroni,Andromedans,team,469.l.8560.t.2,B2J,Lauren,Btwn2Jackies
12393,Elly De La Cruz,team,458.l.15505.t.8,SAD,ben,not much of a donkey,team,469.l.8560.t.9,DRO,Zakkeroni,Andromedans
12401,Gavin Williams,team,458.l.15505.t.9,DRO,Zakkeroni,Andromedans,team,469.l.8560.t.2,B2J,Lauren,Btwn2Jackies
12409,Hunter Goodman,team,458.l.15505.t.8,SAD,ben,not much of a donkey,team,469.l.8560.t.9,DRO,Zakkeroni,Andromedans
12420,Lenyn Sosa,team,458.l.15505.t.5,JEP,John Mobley,Jepordizers,team,469.l.8560.t.6,LFB,Alex,La Flama Blanca
12429,Reese Olson,team,458.l.15505.t.9,DRO,Zakkeroni,Andromedans,team,469.l.8560.t.2,B2J,Lauren,Btwn2Jackies
12449,Vinnie Pasquantino,team,458.l.15505.t.9,DRO,Zakkeroni,Andromedans,team,469.l.8560.t.2,B2J,Lauren,Btwn2Jackies
12468,Eury Pérez,team,458.l.15505.t.8,SAD,ben,not much of a donkey,team,469.l.8560.t.9,DRO,Zakkeroni,Andromedans
12476,Sal Frelick,team,458.l.15505.t.7,LAW,Mike,Law Abiding Citizen,team,469.l.8560.t.8,SAD,ben,not much of a donkey
12480,Jackson Chourio,team,458.l.15505.t.8,SAD,ben,not much of a donkey,team,469.l.8560.t.9,DRO,Zakkeroni,Andromedans
12505,Mason Miller,team,458.l.15505.t.8,SAD,ben,not much of a donkey,team,469.l.8560.t.9,DRO,Zakkeroni,Andromedans
12519,Mike Burrows,team,458.l.15505.t.9,DRO,Zakkeroni,Andromedans,team,469.l.8560.t.2,B2J,Lauren,Btwn2Jackies
12521,James Wood,team,458.l.15505.t.5,JEP,John Mobley,Jepordizers,team,469.l.8560.t.6,LFB,Alex,La Flama Blanca
12522,Jackson Merrill,team,458.l.15505.t.4,HAM,Nathan,Hammers,team,469.l.8560.t.5,JEP,John Mobley,Jepordizers
12540,Bryce Miller,team,458.l.15505.t.6,LFB,Alex,La Flama Blanca,team,469.l.8560.t.7,LAW,Mike,Law Abiding Citizen
12554,Taj Bradley,team,458.l.15505.t.9,DRO,Zakkeroni,Andromedans,team,469.l.8560.t.2,B2J,Lauren,Btwn2Jackies
12561,Jack Leiter,team,458.l.15505.t.7,LAW,Mike,Law Abiding Citizen,team,469.l.8560.t.8,SAD,ben,not much of a donkey
12563,Evan Carter,team,458.l.15505.t.3,CFL,Jake,Country Fried Lamb,team,469.l.8560.t.4,HAM,Nathan,Hammers
12582,Daylen Lile,team,458.l.15505.t.3,CFL,Jake,Country Fried Lamb,team,469.l.8560.t.4,HAM,Nathan,Hammers
12590,Ronel Blanco,team,458.l.15505.t.5,JEP,John Mobley,Jepordizers,team,469.l.8560.t.6,LFB,Alex,La Flama Blanca
12667,Kerry Carpenter,team,458.l.15505.t.8,SAD,ben,not much of a donkey,team,469.l.8560.t.9,DRO,Zakkeroni,Andromedans
12687,Jeremiah Estrada,team,458.l.15505.t.8,SAD,ben,not much of a donkey,team,469.l.8560.t.9,DRO,Zakkeroni,Andromedans
12690,Fernando Cruz,team,458.l.15505.t.6,LFB,Alex,La Flama Blanca,team,469.l.8560.t.7,LAW,Mike,Law Abiding Citizen
12723,Jose A. Ferrer,team,458.l.15505.t.4,HAM,Nathan,Hammers,team,469.l.8560.t.5,JEP,John Mobley,Jepordizers
12731,Wilyer Abreu,team,458.l.15505.t.5,JEP,John Mobley,Jepordizers,team,469.l.8560.t.6,LFB,Alex,La Flama Blanca
12741,Addison Barger,team,458.l.15505.t.9,DRO,Zakkeroni,Andromedans,team,469.l.8560.t.2,B2J,Lauren,Btwn2Jackies
12758,Jared Triolo,team,458.l.15505.t.2,B2J,Lauren,Btwn2Jackies,team,469.l.8560.t.3,CFL,Jake,Country Fried Lamb
12776,Kodai Senga,team,458.l.15505.t.2,B2J,Lauren,Btwn2Jackies,team,469.l.8560.t.3,CFL,Jake,Country Fried Lamb
60016,Cade Smith,team,458.l.15505.t.8,SAD,ben,not much of a donkey,team,469.l.8560.t.9,DRO,Zakkeroni,Andromedans
60077,Drake Baldwin,team,458.l.15505.t.4,HAM,Nathan,Hammers,team,469.l.8560.t.5,JEP,John Mobley,Jepordizers
60090,Jackson Holliday,team,458.l.15505.t.7,LAW,Mike,Law Abiding Citizen,team,469.l.8560.t.8,SAD,ben,not much of a donkey
60091,Dylan Beavers,team,458.l.15505.t.5,JEP,John Mobley,Jepordizers,team,469.l.8560.t.6,LFB,Alex,La Flama Blanca
60108,Roman Anthony,team,458.l.15505.t.7,LAW,Mike,Law Abiding Citizen,team,469.l.8560.t.8,SAD,ben,not much of a donkey
60118,Cade Horton,team,458.l.15505.t.7,LAW,Mike,Law Abiding Citizen,team,469.l.8560.t.8,SAD,ben,not much of a donkey
60121,Daniel Palencia,team,458.l.15505.t.8,SAD,ben,not much of a donkey,team,469.l.8560.t.9,DRO,Zakkeroni,Andromedans
60122,Porter Hodge,team,458.l.15505.t.3,CFL,Jake,Country Fried Lamb,team,469.l.8560.t.4,HAM,Nathan,Hammers
60175,Troy Melton,team,458.l.15505.t.8,SAD,ben,not much of a donkey,team,469.l.8560.t.9,DRO,Zakkeroni,Andromedans
60211,Noah Cameron,team,458.l.15505.t.8,SAD,ben,not much of a donkey,team,469.l.8560.t.9,DRO,Zakkeroni,Andromedans
60214,Zach Neto,team,458.l.15505.t.8,SAD,ben,not much of a donkey,team,469.l.8560.t.9,DRO,Zakkeroni,Andromedans
60238,Emmet Sheehan,team,458.l.15505.t.7,LAW,Mike,Law Abiding Citizen,team,469.l.8560.t.8,SAD,ben,not much of a donkey
60254,Jacob Misiorowski,team,458.l.15505.t.5,JEP,John Mobley,Jepordizers,team,469.l.8560.t.6,LFB,Alex,La Flama Blanca
60266,Brooks Lee,team,458.l.15505.t.7,LAW,Mike,Law Abiding Citizen,team,469.l.8560.t.8,SAD,ben,not much of a donkey
60281,Mike Vasil,team,458.l.15505.t.9,DRO,Zakkeroni,Andromedans,team,469.l.8560.t.2,B2J,Lauren,Btwn2Jackies
60295,Will Warren,team,458.l.15505.t.5,JEP,John Mobley,Jepordizers,team,469.l.8560.t.6,LFB,Alex,La Flama Blanca
60317,Justin Crawford,team,458.l.15505.t.3,CFL,Jake,Country Fried Lamb,team,469.l.8560.t.4,HAM,Nathan,Hammers
60419,Junior Caminero,team,458.l.15505.t.8,SAD,ben,not much of a donkey,team,469.l.8560.t.9,DRO,Zakkeroni,Andromedans
60420,Chandler Simpson,team,458.l.15505.t.4,HAM,Nathan,Hammers,team,469.l.8560.t.5,JEP,John Mobley,Jepordizers
60584,Bryan Woo,team,458.l.15505.t.8,SAD,ben,not much of a donkey,team,469.l.8560.t.9,DRO,Zakkeroni,Andromedans
60650,Landen Roupp,team,458.l.15505.t.8,SAD,ben,not much of a donkey,team,469.l.8560.t.9,DRO,Zakkeroni,Andromedans
61627,Ryan Walker,team,458.l.15505.t.4,HAM,Nathan,Hammers,team,469.l.8560.t.5,JEP,John Mobley,Jepordizers
61788,Caleb Durbin,team,458.l.15505.t.4,HAM,Nathan,Hammers,team,469.l.8560.t.5,JEP,John Mobley,Jepordizers
61818,Agustín Ramírez,team,458.l.15505.t.9,DRO,Zakkeroni,Andromedans,team,469.l.8560.t.2,B2J,Lauren,Btwn2Jackies
61866,Isaac Collins,team,458.l.15505.t.4,HAM,Nathan,Hammers,team,469.l.8560.t.5,JEP,John Mobley,Jepordizers
62057,Nacho Alvarez Jr.,team,458.l.15505.t.5,JEP,John Mobley,Jepordizers,team,469.l.8560.t.6,LFB,Alex,La Flama Blanca
62137,Ben Rice,team,458.l.15505.t.9,DRO,Zakkeroni,Andromedans,team,469.l.8560.t.2,B2J,Lauren,Btwn2Jackies
62642,Jacob Lopez,team,458.l.15505.t.3,CFL,Jake,Country Fried Lamb,team,469.l.8560.t.4,HAM,Nathan,Hammers
62935,Nolan McLean,team,458.l.15505.t.8,SAD,ben,not much of a donkey,team,469.l.8560.t.9,DRO,Zakkeroni,Andromedans
62953,Nolan Schanuel,team,458.l.15505.t.7,LAW,Mike,Law Abiding Citizen,team,469.l.8560.t.8,SAD,ben,not much of a donkey
62976,Jacob Wilson,team,458.l.15505.t.2,B2J,Lauren,Btwn2Jackies,team,469.l.8560.t.3,CFL,Jake,Country Fried Lamb
63023,Luke Keaschall,team,458.l.15505.t.5,JEP,John Mobley,Jepordizers,team,469.l.8560.t.6,LFB,Alex,La Flama Blanca
63091,Erik Sabrowski,team,458.l.15505.t.9,DRO,Zakkeroni,Andromedans,team,469.l.8560.t.2,B2J,Lauren,Btwn2Jackies
63423,Yoshinobu Yamamoto,team,458.l.15505.t.3,CFL,Jake,Country Fried Lamb,team,469.l.8560.t.4,HAM,Nathan,Hammers
63479,Juan Mejia,team,458.l.15505.t.5,JEP,John Mobley,Jepordizers,team,469.l.8560.t.6,LFB,Alex,La Flama Blanca
63494,Jung Hoo Lee,team,458.l.15505.t.7,LAW,Mike,Law Abiding Citizen,team,469.l.8560.t.8,SAD,ben,not much of a donkey
63613,Luis Morales,team,458.l.15505.t.2,B2J,Lauren,Btwn2Jackies,team,469.l.8560.t.3,CFL,Jake,Country Fried Lamb
63627,Hayden Birdsong,team,458.l.15505.t.6,LFB,Alex,La Flama Blanca,team,469.l.8560.t.7,LAW,Mike,Law Abiding Citizen
63640,Shota Imanaga,team,458.l.15505.t.4,HAM,Nathan,Hammers,team,469.l.8560.t.5,JEP,John Mobley,Jepordizers
63720,Justin Sterner,team,458.l.15505.t.9,DRO,Zakkeroni,Andromedans,team,469.l.8560.t.2,B2J,Lauren,Btwn2Jackies
64312,Jac Caglianone,team,458.l.15505.t.7,LAW,Mike,Law Abiding Citizen,team,469.l.8560.t.8,SAD,ben,not much of a donkey
64858,Hyeseong Kim,team,458.l.15505.t.9,DRO,Zakkeroni,Andromedans,team,469.l.8560.t.2,B2J,Lauren,Btwn2Jackies
