log_season,log_event,log_id,log_source,log_admin,log_timestamp,log_upid,log_player_name,log_team,log_pos,log_age,log_level,log_team_rank,log_rank,log_eta,log_player_type,log_owner,log_contract,log_status,log_years,log_update_type,cp_name,cp_team,cp_position,cp_manager,cp_player_type,cp_contract_type,cp_status,cp_years_simple,cp_yahoo_id,cp_upid,cp_mlb_id,cp_FBP_Team,cp_birth_date,cp_age,cp_height,cp_weight,cp_bats,cp_throws,cp_mlb_primary_position,cp_fypd,cp_rank,cp_debut_date,cp_debuted,mismatch_reason
2026,26 PAD,2026-2026-02-06T14:00:22.325750Z-UPID_7569-Drop-2026_PAD_BACKFILL,2026_PAD_BACKFILL,pad_backfill,2026-02-06T14:00:22.325750Z,7569,Otto Kemp,PHI,"1B,3B,OF",,,,1901,,Farm,Weekend Warriors,Purchased Contract,[7] P,P,Drop,Otto Kemp,PHI,"1B,3B,OF",,MLB,,[5] TC1,TC 1,64989,7569,805249,,1999-09-09,26,"5' 11""",185,R,R,1B,False,1901,,True,current_player_type_MLB
2026,26 PAD,2026-2026-02-06T14:00:22.325780Z-UPID_3730-Drop-2026_PAD_BACKFILL,2026_PAD_BACKFILL,pad_backfill,2026-02-06T14:00:22.325780Z,3730,Mason Montgomery,TB,RP,25,,,1800,,Farm,Whiz Kids,Purchased Contract,[7] P,P,Drop,Mason Montgomery,TB,RP,Whiz Kids,MLB,Keeper Contract,[6] TCR,TC R,,3730,682254,WIZ,2000-06-17,25,"6' 2""",205,L,L,P,False,1800,09/05/2024,True,current_player_type_MLB
2026,26 PAD,2026-2026-02-06T14:33:49.611204-05:00-UPID_2362-Drop-2026_PAD,2026_PAD,pad_submission,2026-02-06T14:33:49.611204-05:00,2362,Daylen Lile,WSH,OF,,,,1272,,Farm,,Farm Contract,[7] P,P,Drop,Daylen Lile,WSH,OF,Country Fried Lamb,MLB,Keeper Contract,[6] TCR,TC R,12582,2362,695734,CFL,2002-11-30,23,"5' 11""",195,L,R,RF,False,1272,,True,current_player_type_MLB
2026,26 PAD,2026-2026-02-06T18:47:00.327101-05:00-UPID_3891-Purchase-2026_PAD,2026_PAD,pad_submission,2026-02-06T18:47:00.327101-05:00,3891,Cam Collier,CIN,"1B,3B",21,,,94,,Farm,Rick Vaughn,Development Contract,[7] P,DC,Purchase,Cam Collier,CIN,"1B,3B",Rick Vaughn,Farm,Purchased Contract,[7] P,P,60128,3891,702253,RV,2004-11-20,21,"6' 1""",210,L,R,3B,False,94,,False,contract_mismatch:Purchased Contract->Development Contract;years_simple_mismatch:P->DC
2026,26 PAD,2026-2026-02-06T18:47:00.327177-05:00-UPID_3920-Purchase-2026_PAD,2026_PAD,pad_submission,2026-02-06T18:47:00.327177-05:00,3920,Owen Murphy,ATL,SP,22,,,175,,Farm,Rick Vaughn,Development Contract,[7] P,DC,Purchase,Owen Murphy,ATL,SP,Rick Vaughn,Farm,Farm Contract,[7] P,P,60070,3920,702566,RV,2003-09-27,22,"6' 1""",190,R,R,P,False,175,,False,contract_mismatch:Farm Contract->Development Contract;years_simple_mismatch:P->DC
2026,26 PAD,2026-2026-02-06T18:47:00.327199-05:00-UPID_3445-Purchase-2026_PAD,2026_PAD,pad_submission,2026-02-06T18:47:00.327199-05:00,3445,Jordan Lawlar,AZ,3B,23,,,1574,,Farm,Rick Vaughn,Purchased Contract,[7] P,PC,Purchase,Jordan Lawlar,AZ,3B,Rick Vaughn,Farm,Purchased Contract,[7] P,P,12355,3445,691783,RV,2002-07-17,23,"6' 0""",190,R,R,SS,False,1574,09/07/2023,True,years_simple_mismatch:P->PC
2026,26 PAD,2026-2026-02-06T18:47:00.327223-05:00-UPID_7602-Purchase-2026_PAD,2026_PAD,pad_submission,2026-02-06T18:47:00.327223-05:00,7602,Chase Burns,CIN,"SP,RP",22,,,1161,,Farm,Rick Vaughn,Purchased Contract,[7] P,PC,Purchase,Chase Burns,CIN,"SP,RP",Rick Vaughn,Farm,Purchased Contract,[7] P,P,64316,7602,695505,RV,2003-01-16,23,"6' 3""",210,R,R,P,False,1161,06/24/2025,True,years_simple_mismatch:P->PC
2026,26 PAD,2026-2026-02-06T18:47:00.327276-05:00-UPID_3779-Purchase-2026_PAD,2026_PAD,pad_submission,2026-02-06T18:47:00.327276-05:00,3779,Bubba Chandler,PIT,SP,23,,,14,,Farm,Rick Vaughn,Purchased Contract,[7] P,PC,Purchase,Bubba Chandler,PIT,SP,Rick Vaughn,Farm,Purchased Contract,[7] P,P,12516,3779,696149,RV,2002-09-14,23,"6' 3""",218,S,R,P,False,14,08/22/2025,True,years_simple_mismatch:P->PC
2026,26 PAD,2026-2026-02-06T18:47:00.327324-05:00-UPID_3940-Purchase-2026_PAD,2026_PAD,pad_submission,2026-02-06T18:47:00.327324-05:00,3940,Robby Snelling,MIA,SP,22,,,51,,Farm,Rick Vaughn,Purchased Contract,[7] P,PC,Purchase,Robby Snelling,MIA,SP,Rick Vaughn,Farm,Purchased Contract,[7] P,P,,3940,702281,RV,2003-12-19,22,"6' 3""",210,R,L,P,False,51,,False,years_simple_mismatch:P->PC
2026,26 PAD,2026-2026-02-06T18:47:00.327376-05:00-UPID_6573-Purchase-2026_PAD,2026_PAD,pad_submission,2026-02-06T18:47:00.327376-05:00,6573,Kyle Teel,CWS,C,23,,,1707,,Farm,Rick Vaughn,Purchased Contract,[7] P,PC,Purchase,Kyle Teel,CWS,C,Rick Vaughn,Farm,Purchased Contract,[7] P,P,,6573,691019,RV,2002-02-15,23,"6' 0""",210,L,R,C,False,1707,06/06/2025,True,years_simple_mismatch:P->PC
2026,26 PAD,2026-2026-02-06T18:47:00.327446-05:00-UPID_6707-Purchase-2026_PAD,2026_PAD,pad_submission,2026-02-06T18:47:00.327446-05:00,6707,Kristian Campbell,BOS,"2B,CF",23,,,1699,,Farm,Rick Vaughn,Purchased Contract,[7] P,PC,Purchase,Kristian Campbell,BOS,"2B,CF",Rick Vaughn,Farm,Purchased Contract,[7] P,P,63128,6707,692225,RV,2002-06-28,23,"6' 3""",191,R,R,2B,False,1699,03/27/2025,True,years_simple_mismatch:P->PC
2026,26 PAD,2026-2026-02-06T18:47:00.327520-05:00-UPID_7591-Purchase-2026_PAD,2026_PAD,pad_submission,2026-02-06T18:47:00.327520-05:00,7591,Carson Benge,NYM,OF,22,,,21,,Farm,Rick Vaughn,Purchased Contract,[7] P,PC,Purchase,Carson Benge,NYM,OF,Rick Vaughn,Farm,Purchased Contract,[7] P,P,64329,7591,701807,RV,2003-01-20,23,"6' 1""",184,L,R,OF,False,21,,False,years_simple_mismatch:P->PC
2026,26 PAD,2026-2026-02-06T18:47:00.327802-05:00-UPID_7568-Purchase-2026_PAD,2026_PAD,pad_submission,2026-02-06T18:47:00.327802-05:00,7568,Cam Schlittler,NYY,SP,,MLB,,1113,,Farm,Rick Vaughn,Purchased Contract,[9] P,PC,Purchase,Cam Schlittler,NYY,SP,,Farm,,[7] P,P,64985,7568,693645,,2001-02-05,25,"6' 6""",225,R,R,P,False,1113,,True,manager_blank;contract_mismatch:->Purchased Contract;years_simple_mismatch:P->PC
2026,26 PAD,2026-2026-02-06T18:47:00.327844-05:00-UPID_3661-Blue Chip-2026_PAD,2026_PAD,pad_submission,2026-02-06T18:47:00.327844-05:00,3661,Josue De Paula,LAD,OF,20,,,13,,Farm,Rick Vaughn,Blue Chip Contract,[7] P,BC,Blue Chip,Josue De Paula,LAD,OF,Rick Vaughn,Farm,Purchased Contract,[7] P,P,63576,3661,800543,RV,2005-05-24,20,"6' 3""",185,L,L,CF,False,13,,False,contract_mismatch:Purchased Contract->Blue Chip Contract;years_simple_mismatch:P->BC
2026,26 PAD,2026-2026-02-06T18:47:00.327883-05:00-UPID_3934-Blue Chip-2026_PAD,2026_PAD,pad_submission,2026-02-06T18:47:00.327883-05:00,3934,Noah Schultz,CWS,SP,22,,,40,,Farm,Rick Vaughn,Blue Chip Contract,[7] P,BC,Blue Chip,Noah Schultz,CWS,SP,Rick Vaughn,Farm,Purchased Contract,[7] P,P,60156,3934,702273,RV,2003-08-05,22,"6' 10""",240,L,L,P,False,40,,False,contract_mismatch:Purchased Contract->Blue Chip Contract;years_simple_mismatch:P->BC
2026,26 PAD,2026-2026-02-06T18:47:00.327928-05:00-UPID_6141-Blue Chip-2026_PAD,2026_PAD,pad_submission,2026-02-06T18:47:00.327928-05:00,6141,Sebastian Walcott,TEX,"3B,SS",19,,,6,,Farm,Rick Vaughn,Blue Chip Contract,[7] P,BC,Blue Chip,Sebastian Walcott,TEX,"3B,SS",Rick Vaughn,Farm,Purchased Contract,[7] P,P,63633,6141,806964,RV,2006-03-14,19,"6' 4""",190,R,R,SS,False,6,,False,contract_mismatch:Purchased Contract->Blue Chip Contract;years_simple_mismatch:P->BC
2026,26 PAD,2026-2026-02-06T18:47:00.327969-05:00-UPID_7213-Blue Chip-2026_PAD,2026_PAD,pad_submission,2026-02-06T18:47:00.327969-05:00,7213,Emil Morales,LAD,SS,19,,,100,,Farm,Rick Vaughn,Blue Chip Contract,[7] P,BC,Blue Chip,Emil Morales,LAD,SS,Rick Vaughn,Farm,Development Cont.,[7] P,P,64966,7213,815896,RV,2006-09-22,19,"6' 3""",191,R,R,SS,False,100,,False,contract_mismatch:Development Cont.->Blue Chip Contract;years_simple_mismatch:P->BC
2026,26 PAD,2026-2026-02-06T23:05:55.562783-05:00-UPID_3935-Purchase-2026_PAD,2026_PAD,pad_submission,2026-02-06T23:05:55.562783-05:00,3935,Ryan Clifford,NYM,"1B,OF",22,,,134,,Farm,not much of a donkey,Development Contract,[7] P,DC,Purchase,Ryan Clifford,NYM,"1B,OF",not much of a donkey,Farm,Farm Contract,[7] P,P,60185,3935,691775,SAD,2003-07-20,22,"6' 3""",200,L,L,1B,False,134,,False,contract_mismatch:Farm Contract->Development Contract;years_simple_mismatch:P->DC
2026,26 PAD,2026-2026-02-06T23:05:55.562910-05:00-UPID_6593-Purchase-2026_PAD,2026_PAD,pad_submission,2026-02-06T23:05:55.562910-05:00,6593,Jefferson Rojas,CHC,SS,20,,,151,,Farm,not much of a donkey,Development Contract,[7] P,DC,Purchase,Jefferson Rojas,CHC,SS,not much of a donkey,Farm,Farm Contract,[7] P,P,63538,6593,800473,SAD,2005-04-25,20,"5' 11""",150,R,R,SS,False,151,,False,contract_mismatch:Farm Contract->Development Contract;years_simple_mismatch:P->DC
2026,26 PAD,2026-2026-02-06T23:05:55.563450-05:00-UPID_6564-Purchase-2026_PAD,2026_PAD,pad_submission,2026-02-06T23:05:55.563450-05:00,6564,Eduardo Quintero,LAD,OF,20,,,34,,Farm,not much of a donkey,Development Contract,[7] P,DC,Purchase,Eduardo Quintero,LAD,OF,not much of a donkey,Farm,Purchased Contract,[7] P,P,64967,6564,808234,SAD,2005-09-16,20,"6' 1""",175,R,R,OF,False,34,,False,contract_mismatch:Purchased Contract->Development Contract;years_simple_mismatch:P->DC
2026,26 PAD,2026-2026-02-06T23:05:55.564088-05:00-UPID_7671-Purchase-2026_PAD,2026_PAD,pad_submission,2026-02-06T23:05:55.564088-05:00,7671,Khal Stephen,TOR,SP,23,,,123,,Farm,not much of a donkey,Development Contract,[7] P,DC,Purchase,Khal Stephen,TOR,SP,not much of a donkey,Farm,Purchased Contract,[7] P,P,,7671,701590,SAD,2002-12-21,23,"6' 4""",215,R,R,P,False,123,,False,contract_mismatch:Purchased Contract->Development Contract;years_simple_mismatch:P->DC
2026,26 PAD,2026-2026-02-06T23:05:55.564715-05:00-UPID_7675-Purchase-2026_PAD,2026_PAD,pad_submission,2026-02-06T23:05:55.564715-05:00,7675,Caleb Bonemer,CWS,"3B,SS",20,,,73,,Farm,not much of a donkey,Development Contract,[7] P,DC,Purchase,Caleb Bonemer,CWS,"3B,SS",not much of a donkey,Farm,Purchased Contract,[7] P,P,64370,7675,815352,SAD,2005-10-05,20,"6' 1""",195,R,R,SS,False,73,,False,contract_mismatch:Purchased Contract->Development Contract;years_simple_mismatch:P->DC
2026,26 PAD,2026-2026-02-06T23:05:55.564801-05:00-UPID_3951-Purchase-2026_PAD,2026_PAD,pad_submission,2026-02-06T23:05:55.564801-05:00,3951,Sal Stewart,CIN,1B,22,,,31,,Farm,not much of a donkey,Purchased Contract,[7] P,PC,Purchase,Sal Stewart,CIN,1B,not much of a donkey,Farm,Purchased Contract,[7] P,P,60129,3951,701398,SAD,2003-12-07,22,"6' 1""",224,R,R,3B,False,31,09/01/2025,True,years_simple_mismatch:P->PC
2026,26 PAD,2026-2026-02-06T23:05:55.564873-05:00-UPID_6752-Purchase-2026_PAD,2026_PAD,pad_submission,2026-02-06T23:05:55.564873-05:00,6752,Grant Taylor,CWS,RP,23,,,1409,,Farm,not much of a donkey,Purchased Contract,[7] P,PC,Purchase,Grant Taylor,CWS,RP,not much of a donkey,Farm,Purchased Contract,[7] P,P,63027,6752,691799,SAD,2002-05-20,23,"6' 3""",230,R,R,P,False,1409,06/10/2025,True,years_simple_mismatch:P->PC
2026,26 PAD,2026-2026-02-06T23:05:55.565226-05:00-UPID_4665-Purchase-2026_PAD,2026_PAD,pad_submission,2026-02-06T23:05:55.565226-05:00,4665,Troy Melton,DET,"SP,RP",,MLB,,2106,,Farm,not much of a donkey,Purchased Contract,[9] P,PC,Purchase,Troy Melton,DET,"SP,RP",,Farm,,[7] P,P,60175,4665,675512,,2000-12-03,25,"6' 4""",210,R,R,P,False,2106,,True,manager_blank;contract_mismatch:->Purchased Contract;years_simple_mismatch:P->PC
2026,26 PAD,2026-2026-02-06T23:05:55.565302-05:00-UPID_4593-Blue Chip-2026_PAD,2026_PAD,pad_submission,2026-02-06T23:05:55.565302-05:00,4593,Samuel Basallo,BAL,C,21,,,7,,Farm,not much of a donkey,Blue Chip Contract,[7] P,BC,Blue Chip,Samuel Basallo,BAL,C,not much of a donkey,Farm,Purchased Contract,[7] P,P,60092,4593,694212,SAD,2004-08-13,21,"6' 4""",180,L,R,C,False,7,08/17/2025,True,contract_mismatch:Purchased Contract->Blue Chip Contract;years_simple_mismatch:P->BC
2026,26 PAD,2026-2026-02-06T23:05:55.565779-05:00-UPID_6911-Blue Chip-2026_PAD,2026_PAD,pad_submission,2026-02-06T23:05:55.565779-05:00,6911,Nolan McLean,NYM,SP,24,,,11,,Farm,not much of a donkey,Blue Chip Contract,[7] P,BC,Blue Chip,Nolan McLean,NYM,SP,not much of a donkey,Farm,Purchased Contract,[7] P,P,62935,6911,690997,SAD,2001-07-24,24,"6' 2""",214,R,R,P,False,11,08/16/2025,True,contract_mismatch:Purchased Contract->Blue Chip Contract;years_simple_mismatch:P->BC
2026,26 PAD,2026-2026-02-07T00:50:54.938101-05:00-UPID_3875-Purchase-2026_PAD,2026_PAD,pad_submission,2026-02-07T00:50:54.938101-05:00,3875,Jarlin Susana,WSH,SP,21,,,87,,Farm,La Flama Blanca,Development Contract,[7] P,DC,Purchase,Jarlin Susana,WSH,SP,La Flama Blanca,Farm,Purchased Contract,[7] P,P,60455,3875,703186,LFB,2004-03-23,21,"6' 6""",235,R,R,P,False,87,,False,contract_mismatch:Purchased Contract->Development Contract;years_simple_mismatch:P->DC
2026,26 PAD,2026-2026-02-07T00:50:54.938154-05:00-UPID_3746-Purchase-2026_PAD,2026_PAD,pad_submission,2026-02-07T00:50:54.938154-05:00,3746,Roderick Arias,NYY,"3B,SS",21,,,614,,Farm,La Flama Blanca,Development Contract,[7] P,DC,Purchase,Roderick Arias,NYY,"3B,SS",La Flama Blanca,Farm,Development Cont.,[7] P,P,60296,3746,703149,LFB,2004-09-09,21,"6' 0""",178,S,R,SS,False,614,,False,contract_mismatch:Development Cont.->Development Contract;years_simple_mismatch:P->DC
2026,26 PAD,2026-2026-02-07T00:50:54.938195-05:00-UPID_6571-Purchase-2026_PAD,2026_PAD,pad_submission,2026-02-07T00:50:54.938195-05:00,6571,Noble Meyer,MIA,SP,21,,,376,,Farm,La Flama Blanca,Development Contract,[7] P,DC,Purchase,Noble Meyer,MIA,SP,La Flama Blanca,Farm,Purchased Contract,[7] P,P,62980,6571,800611,LFB,2005-01-10,21,"6' 5""",185,R,R,P,False,376,,False,contract_mismatch:Purchased Contract->Development Contract;years_simple_mismatch:P->DC
2026,26 PAD,2026-2026-02-07T00:50:54.938229-05:00-UPID_6617-Purchase-2026_PAD,2026_PAD,pad_submission,2026-02-07T00:50:54.938229-05:00,6617,Ralphy Velazquez,CLE,1B,20,,,158,,Farm,La Flama Blanca,Development Contract,[7] P,DC,Purchase,Ralphy Velazquez,CLE,1B,La Flama Blanca,Farm,Farm Contract,[7] P,P,62952,6617,806252,LFB,2005-05-28,20,"6' 3""",240,L,R,1B,False,158,,False,contract_mismatch:Farm Contract->Development Contract;years_simple_mismatch:P->DC
2026,26 PAD,2026-2026-02-07T00:50:54.938287-05:00-UPID_6665-Purchase-2026_PAD,2026_PAD,pad_submission,2026-02-07T00:50:54.938287-05:00,6665,Aroon Escobar,PHI,"2B,3B",21,,,114,,Farm,La Flama Blanca,Development Contract,[7] P,DC,Purchase,Aroon Escobar,PHI,"2B,3B",La Flama Blanca,Farm,Purchased Contract,[7] P,P,64987,6665,800169,LFB,2005-01-01,21,"5' 10""",180,R,R,2B,False,114,,False,contract_mismatch:Purchased Contract->Development Contract;years_simple_mismatch:P->DC
2026,26 PAD,2026-2026-02-07T00:50:54.938322-05:00-UPID_7177-Purchase-2026_PAD,2026_PAD,pad_submission,2026-02-07T00:50:54.938322-05:00,7177,Jose Perdomo,ATL,SS,19,,,751,,Farm,La Flama Blanca,Development Contract,[7] P,DC,Purchase,Jose Perdomo,ATL,SS,La Flama Blanca,Farm,Development Cont.,[7] P,P,64911,7177,815899,LFB,2006-09-20,19,"5' 11""",180,R,R,SS,False,751,,False,contract_mismatch:Development Cont.->Development Contract;years_simple_mismatch:P->DC
2026,26 PAD,2026-2026-02-07T00:50:54.938353-05:00-UPID_7347-Purchase-2026_PAD,2026_PAD,pad_submission,2026-02-07T00:50:54.938353-05:00,7347,Cam Caminiti,ATL,SP,19,,,72,,Farm,La Flama Blanca,Development Contract,[7] P,DC,Purchase,Cam Caminiti,ATL,SP,La Flama Blanca,Farm,Farm Contract,[7] P,P,64326,7347,807284,LFB,2006-08-08,19,"6' 2""",195,L,L,P,False,72,,False,contract_mismatch:Farm Contract->Development Contract;years_simple_mismatch:P->DC
2026,26 PAD,2026-2026-02-07T00:50:54.938392-05:00-UPID_7776-Purchase-2026_PAD,2026_PAD,pad_submission,2026-02-07T00:50:54.938392-05:00,7776,Shotaro Morii,ATH,SS,19,,,811,,Farm,La Flama Blanca,Development Contract,[7] P,DC,Purchase,Shotaro Morii,ATH,SS,La Flama Blanca,Farm,Purchased Contract,[7] P,P,65050,7776,829679,LFB,2006-12-15,19,"6' 0""",190,L,R,SS,False,811,,False,contract_mismatch:Purchased Contract->Development Contract;years_simple_mismatch:P->DC
2026,26 PAD,2026-2026-02-07T00:50:54.938426-05:00-UPID_7785-Purchase-2026_PAD,2026_PAD,pad_submission,2026-02-07T00:50:54.938426-05:00,7785,Elian Peña,NYM,OF,19,,,898,,Farm,La Flama Blanca,Development Contract,[7] P,DC,Purchase,Elian Peña,NYM,OF,La Flama Blanca,Farm,Farm Contract,[7] P,P,65645,7785,821262,LFB,2006-11-28,19,"6' 0""",183,R,R,OF,False,898,,False,contract_mismatch:Farm Contract->Development Contract;years_simple_mismatch:P->DC
2026,26 PAD,2026-2026-02-07T00:50:54.938455-05:00-UPID_2450-Purchase-2026_PAD,2026_PAD,pad_submission,2026-02-07T00:50:54.938455-05:00,2450,Emmanuel Rodriguez,MIN,CF,22,,,69,,Farm,La Flama Blanca,Purchased Contract,[7] P,PC,Purchase,Emmanuel Rodriguez,MIN,CF,La Flama Blanca,Farm,Purchased Contract,[7] P,P,12487,2450,691181,LFB,2003-02-28,22,"5' 11""",210,L,L,CF,False,69,,False,years_simple_mismatch:P->PC
2026,26 PAD,2026-2026-02-07T00:50:54.938484-05:00-UPID_3499-Purchase-2026_PAD,2026_PAD,pad_submission,2026-02-07T00:50:54.938484-05:00,3499,Harry Ford,SEA,C,22,,,42,,Farm,La Flama Blanca,Purchased Contract,[7] P,PC,Purchase,Harry Ford,SEA,C,La Flama Blanca,Farm,Purchased Contract,[7] P,P,,3499,695670,LFB,2003-02-21,22,"5' 10""",200,R,R,C,False,42,09/05/2025,True,years_simple_mismatch:P->PC
2026,26 PAD,2026-2026-02-07T00:50:54.938514-05:00-UPID_6075-Purchase-2026_PAD,2026_PAD,pad_submission,2026-02-07T00:50:54.938514-05:00,6075,Edgardo Henriquez,LAD,RP,,,,1315,,Farm,La Flama Blanca,Purchased Contract,[7] P,PC,Purchase,Edgardo Henriquez,LAD,RP,La Flama Blanca,Farm,Purchased Contract,[7] P,P,60239,6075,683618,LFB,2002-06-24,23,"6' 4""",200,R,R,P,False,1315,,True,years_simple_mismatch:P->PC
2026,26 PAD,2026-2026-02-07T00:50:54.938548-05:00-UPID_6140-Purchase-2026_PAD,2026_PAD,pad_submission,2026-02-07T00:50:54.938548-05:00,6140,Alfredo Duno,CIN,C,20,,,48,,Farm,La Flama Blanca,Purchased Contract,[7] P,PC,Purchase,Alfredo Duno,CIN,C,La Flama Blanca,Farm,Farm Contract,[7] P,P,63545,6140,806957,LFB,2006-01-07,20,"6' 2""",210,R,R,C,False,48,,False,contract_mismatch:Farm Contract->Purchased Contract;years_simple_mismatch:P->PC
2026,26 PAD,2026-2026-02-07T00:50:54.938579-05:00-UPID_7612-Blue Chip-2026_PAD,2026_PAD,pad_submission,2026-02-07T00:50:54.938579-05:00,7612,Konnor Griffin,PIT,"SS,CF",19,,,1,,Farm,La Flama Blanca,Blue Chip Contract,[7] P,BC,Blue Chip,Konnor Griffin,PIT,"SS,CF",La Flama Blanca,Farm,Purchased Contract,[7] P,P,64318,7612,804606,LFB,2006-04-24,19,"6' 4""",225,R,R,SS,False,1,,False,contract_mismatch:Purchased Contract->Blue Chip Contract;years_simple_mismatch:P->BC
2026,26 PAD,2026-2026-02-07T00:50:54.938609-05:00-UPID_7746-Blue Chip-2026_PAD,2026_PAD,pad_submission,2026-02-07T00:50:54.938609-05:00,7746,Josuar Gonzalez,SF,SS,18,,,82,,Farm,La Flama Blanca,Blue Chip Contract,[7] P,BC,Blue Chip,Josuar Gonzalez,SF,SS,La Flama Blanca,Farm,Purchased Contract,[7] P,P,65056,7746,829034,LFB,2007-10-16,18,"6' 0""",167,S,R,SS,False,82,,False,contract_mismatch:Purchased Contract->Blue Chip Contract;years_simple_mismatch:P->BC
2026,26 PAD,2026-2026-02-07T12:23:12.406747-05:00-UPID_6723-Purchase-2026_PAD,2026_PAD,pad_submission,2026-02-07T12:23:12.406747-05:00,6723,Jonny Farmelo,SEA,OF,21,,,75,,Farm,Btwn2Jackies,Development Contract,[7] P,DC,Purchase,Jonny Farmelo,SEA,OF,Btwn2Jackies,Farm,Purchased Contract,[7] P,P,63004,6723,806071,B2J,2004-09-09,21,"6' 2""",205,L,R,OF,False,75,,False,contract_mismatch:Purchased Contract->Development Contract;years_simple_mismatch:P->DC
2026,26 PAD,2026-2026-02-07T12:23:12.406801-05:00-UPID_7470-Purchase-2026_PAD,2026_PAD,pad_submission,2026-02-07T12:23:12.406801-05:00,7470,Brody Hopkins,TB,SP,23,,,103,,Farm,Btwn2Jackies,Development Contract,[7] P,DC,Purchase,Brody Hopkins,TB,SP,Btwn2Jackies,Farm,Farm Contract,[7] P,P,63190,7470,811315,B2J,2002-01-18,24,"6' 4""",200,R,R,P,False,103,,False,contract_mismatch:Farm Contract->Development Contract;years_simple_mismatch:P->DC
2026,26 PAD,2026-2026-02-07T12:23:12.406821-05:00-UPID_7578-Purchase-2026_PAD,2026_PAD,pad_submission,2026-02-07T12:23:12.406821-05:00,7578,Dante Nori,PHI,OF,21,,,121,,Farm,Btwn2Jackies,Development Contract,[7] P,DC,Purchase,Dante Nori,PHI,OF,Btwn2Jackies,Farm,Farm Contract,[7] P,P,64358,7578,807276,B2J,2004-10-07,21,"5' 9""",190,L,L,OF,False,121,,False,contract_mismatch:Farm Contract->Development Contract;years_simple_mismatch:P->DC
2026,26 PAD,2026-2026-02-07T12:23:12.406839-05:00-UPID_7662-Purchase-2026_PAD,2026_PAD,pad_submission,2026-02-07T12:23:12.406839-05:00,7662,Ben Hess,NYY,SP,23,,,128,,Farm,Btwn2Jackies,Development Contract,[7] P,DC,Purchase,Ben Hess,NYY,SP,Btwn2Jackies,Farm,Purchased Contract,[7] P,P,64351,7662,696292,B2J,2002-09-03,23,"6' 5""",255,R,R,P,False,128,,False,contract_mismatch:Purchased Contract->Development Contract;years_simple_mismatch:P->DC
2026,26 PAD,2026-2026-02-07T12:23:12.407293-05:00-UPID_7622-Purchase-2026_PAD,2026_PAD,pad_submission,2026-02-07T12:23:12.407293-05:00,7622,Rainiel Rodriguez,STL,C,19,,,55,,Farm,Btwn2Jackies,Development Contract,[7] P,DC,Purchase,Rainiel Rodriguez,STL,C,Btwn2Jackies,Farm,Purchased Contract,[7] P,P,64916,7622,823787,B2J,2007-01-04,19,"5' 10""",197,R,R,C,False,55,,False,contract_mismatch:Purchased Contract->Development Contract;years_simple_mismatch:P->DC
2026,26 PAD,2026-2026-02-07T12:23:12.407315-05:00-UPID_3790-Purchase-2026_PAD,2026_PAD,pad_submission,2026-02-07T12:23:12.407315-05:00,3790,Moises Ballesteros,CHC,C,22,,,53,,Farm,Btwn2Jackies,Purchased Contract,[7] P,PC,Purchase,Moises Ballesteros,CHC,C,Btwn2Jackies,Farm,Purchased Contract,[7] P,P,60120,3790,694208,B2J,2003-11-08,22,"5' 8""",195,L,R,C,False,53,05/13/2025,True,years_simple_mismatch:P->PC
2026,26 PAD,2026-2026-02-07T12:23:12.407341-05:00-UPID_3899-Purchase-2026_PAD,2026_PAD,pad_submission,2026-02-07T12:23:12.407341-05:00,3899,Jett Williams,NYM,"2B,SS,OF",22,,,30,,Farm,Btwn2Jackies,Purchased Contract,[7] P,PC,Purchase,Jett Williams,NYM,"2B,SS,OF",Btwn2Jackies,Farm,Purchased Contract,[7] P,P,,3899,702518,B2J,2003-11-03,22,"5' 7""",175,R,R,SS,False,30,,False,years_simple_mismatch:P->PC
2026,26 PAD,2026-2026-02-07T12:23:12.407367-05:00-UPID_3910-Purchase-2026_PAD,2026_PAD,pad_submission,2026-02-07T12:23:12.407367-05:00,3910,Spencer Jones,NYY,CF,24,,,99,,Farm,Btwn2Jackies,Purchased Contract,[7] P,PC,Purchase,Spencer Jones,NYY,CF,Btwn2Jackies,Farm,Purchased Contract,[7] P,P,60294,3910,682987,B2J,2001-05-14,24,"6' 7""",240,L,L,CF,False,99,,False,years_simple_mismatch:P->PC
2026,26 PAD,2026-2026-02-07T12:23:12.407392-05:00-UPID_4628-Purchase-2026_PAD,2026_PAD,pad_submission,2026-02-07T12:23:12.407392-05:00,4628,Luis Morales,ATH,SP,,,,1754,,Farm,Btwn2Jackies,Purchased Contract,[7] P,PC,Purchase,Luis Morales,ATH,SP,Btwn2Jackies,Farm,Farm Contract,[7] P,P,63613,4628,806960,B2J,2002-09-24,23,"6' 3""",200,R,R,P,False,1754,,True,contract_mismatch:Farm Contract->Purchased Contract;years_simple_mismatch:P->PC
2026,26 PAD,2026-2026-02-07T12:23:12.407411-05:00-UPID_6569-Purchase-2026_PAD,2026_PAD,pad_submission,2026-02-07T12:23:12.407411-05:00,6569,Tommy Troy,AZ,2B,23,,,107,,Farm,Btwn2Jackies,Purchased Contract,[7] P,PC,Purchase,Tommy Troy,AZ,2B,Btwn2Jackies,Farm,Farm Contract,[7] P,P,62985,6569,694371,B2J,2002-01-17,24,"5' 9""",197,R,R,SS,False,107,,False,contract_mismatch:Farm Contract->Purchased Contract;years_simple_mismatch:P->PC
2026,26 PAD,2026-2026-02-07T12:23:12.407427-05:00-UPID_3809-Blue Chip-2026_PAD,2026_PAD,pad_submission,2026-02-07T12:23:12.407427-05:00,3809,Lazaro Montes,SEA,OF,21,,,29,,Farm,Btwn2Jackies,Blue Chip Contract,[7] P,BC,Blue Chip,Lazaro Montes,SEA,OF,Btwn2Jackies,Farm,Development Cont.,[7] P,P,60368,3809,703155,B2J,2004-10-22,21,"6' 5""",210,L,R,RF,False,29,,False,contract_mismatch:Development Cont.->Blue Chip Contract;years_simple_mismatch:P->BC
2026,26 PAD,2026-2026-02-07T12:23:12.407446-05:00-UPID_6566-Blue Chip-2026_PAD,2026_PAD,pad_submission,2026-02-07T12:23:12.407446-05:00,6566,Max Clark,DET,CF,21,,,8,,Farm,Btwn2Jackies,Blue Chip Contract,[7] P,BC,Blue Chip,Max Clark,DET,CF,Btwn2Jackies,Farm,Purchased Contract,[7] P,P,62974,6566,703601,B2J,2004-12-21,21,"6' 0""",205,L,L,OF,False,8,,False,contract_mismatch:Purchased Contract->Blue Chip Contract;years_simple_mismatch:P->BC
2026,26 PAD,2026-2026-02-07T12:23:12.407468-05:00-UPID_7609-Blue Chip-2026_PAD,2026_PAD,pad_submission,2026-02-07T12:23:12.407468-05:00,7609,Braylon Payne,MIL,OF,19,,,247,,Farm,Btwn2Jackies,Blue Chip Contract,[7] P,BC,Blue Chip,Braylon Payne,MIL,OF,Btwn2Jackies,Farm,Development Cont.,[7] P,P,64362,7609,815520,B2J,2006-08-14,19,"6' 2""",186,L,L,OF,False,247,,False,contract_mismatch:Development Cont.->Blue Chip Contract;years_simple_mismatch:P->BC
2026,26 PAD,2026-2026-02-07T12:23:12.407504-05:00-UPID_6581-Blue Chip-2026_PAD,2026_PAD,pad_submission,2026-02-07T12:23:12.407504-05:00,6581,Thomas White,MIA,SP,21,,,22,,Farm,Btwn2Jackies,Blue Chip Contract,[7] P,BC,Blue Chip,Thomas White,MIA,SP,Btwn2Jackies,Farm,Purchased Contract,[7] P,P,62986,6581,806258,B2J,2004-09-29,21,"6' 5""",240,L,L,P,False,22,,False,contract_mismatch:Purchased Contract->Blue Chip Contract;years_simple_mismatch:P->BC
2026,26 PAD,2026-2026-02-08T15:28:42.550273-05:00-UPID_3540-Purchase-2026_PAD,2026_PAD,pad_submission,2026-02-08T15:28:42.550273-05:00,3540,Deyvison De Los Santos,MIA,"1B,3B",22,,,690,,Farm,The Bluke Blokes,Development Contract,[7] P,DC,Purchase,Deyvison De Los Santos,MIA,"1B,3B",The Bluke Blokes,Farm,Purchased Contract,[7] P,P,,3540,691277,TBB,2003-06-21,22,"6' 1""",185,R,R,3B,False,690,,False,contract_mismatch:Purchased Contract->Development Contract;years_simple_mismatch:P->DC
2026,26 PAD,2026-2026-02-08T15:28:42.550345-05:00-UPID_3924-Purchase-2026_PAD,2026_PAD,pad_submission,2026-02-08T15:28:42.550345-05:00,3924,Jackson Ferris,LAD,SP,22,,,98,,Farm,The Bluke Blokes,Development Contract,[7] P,DC,Purchase,Jackson Ferris,LAD,SP,The Bluke Blokes,Farm,Farm Contract,[7] P,P,60119,3924,701328,TBB,2004-01-15,22,"6' 4""",195,L,L,P,False,98,,False,contract_mismatch:Farm Contract->Development Contract;years_simple_mismatch:P->DC
2026,26 PAD,2026-2026-02-08T15:28:42.550398-05:00-UPID_6604-Purchase-2026_PAD,2026_PAD,pad_submission,2026-02-08T15:28:42.550398-05:00,6604,George Lombard Jr.,NYY,"2B,3B,SS",20,,,25,,Farm,The Bluke Blokes,Development Contract,[7] P,DC,Purchase,George Lombard Jr.,NYY,"2B,3B,SS",The Bluke Blokes,Farm,Farm Contract,[7] P,P,62997,6604,806146,TBB,2005-06-02,20,"6' 2""",190,R,R,SS,False,25,,False,contract_mismatch:Farm Contract->Development Contract;years_simple_mismatch:P->DC
2026,26 PAD,2026-2026-02-08T15:28:42.550448-05:00-UPID_6702-Purchase-2026_PAD,2026_PAD,pad_submission,2026-02-08T15:28:42.550448-05:00,6702,Eric Bitonti,MIL,1B,20,,,394,,Farm,The Bluke Blokes,Development Contract,[7] P,DC,Purchase,Eric Bitonti,MIL,1B,The Bluke Blokes,Farm,Purchased Contract,[7] P,P,63011,6702,800724,TBB,2005-11-17,20,"6' 4""",218,L,R,SS,False,394,,False,contract_mismatch:Purchased Contract->Development Contract;years_simple_mismatch:P->DC
2026,26 PAD,2026-2026-02-08T15:28:42.550504-05:00-UPID_7625-Purchase-2026_PAD,2026_PAD,pad_submission,2026-02-08T15:28:42.550504-05:00,7625,JD Dix,AZ,2B,20,,,156,,Farm,The Bluke Blokes,Development Contract,[7] P,DC,Purchase,JD Dix,AZ,2B,The Bluke Blokes,Farm,Farm Contract,[7] P,P,64424,7625,807267,TBB,2005-10-12,20,"6' 2""",180,S,R,SS,False,156,,False,contract_mismatch:Farm Contract->Development Contract;years_simple_mismatch:P->DC
2026,26 PAD,2026-2026-02-08T15:28:42.550554-05:00-UPID_3486-Purchase-2026_PAD,2026_PAD,pad_submission,2026-02-08T15:28:42.550554-05:00,3486,Mick Abel,PHI,SP,24,,,1840,,Farm,The Bluke Blokes,Purchased Contract,[7] P,PC,Purchase,Mick Abel,PHI,SP,The Bluke Blokes,Farm,Purchased Contract,[7] P,P,,3486,690953,TBB,2001-08-18,24,"6' 5""",190,R,R,P,False,1840,05/18/2025,True,years_simple_mismatch:P->PC
2026,26 PAD,2026-2026-02-08T15:28:42.550602-05:00-UPID_3901-Purchase-2026_PAD,2026_PAD,pad_submission,2026-02-08T15:28:42.550602-05:00,3901,Cole Young,SEA,2B,22,,,1203,,Farm,The Bluke Blokes,Purchased Contract,[7] P,PC,Purchase,Cole Young,SEA,2B,The Bluke Blokes,Farm,Purchased Contract,[7] P,P,60580,3901,702284,TBB,2003-07-29,22,"5' 11""",180,L,R,2B,False,1203,05/31/2025,True,years_simple_mismatch:P->PC
2026,26 PAD,2026-2026-02-08T15:28:42.550657-05:00-UPID_6577-Purchase-2026_PAD,2026_PAD,pad_submission,2026-02-08T15:28:42.550657-05:00,6577,Rhett Lowder,CIN,SP,23,,,80,,Farm,The Bluke Blokes,Purchased Contract,[7] P,PC,Purchase,Rhett Lowder,CIN,SP,The Bluke Blokes,Farm,Purchased Contract,[7] P,P,62977,6577,695076,TBB,2002-03-08,23,"6' 2""",200,R,R,P,False,80,08/30/2024,True,years_simple_mismatch:P->PC
2026,26 PAD,2026-2026-02-08T15:28:42.550728-05:00-UPID_7048-Purchase-2026_PAD,2026_PAD,pad_submission,2026-02-08T15:28:42.550728-05:00,7048,C.J. Kayfus,CLE,"1B,OF",,,,1089,,Farm,The Bluke Blokes,Purchased Contract,[7] P,PC,Purchase,C.J. Kayfus,CLE,"1B,OF",The Bluke Blokes,Farm,Farm Contract,[7] P,P,62758,7048,692216,TBB,2001-10-28,24,"6' 0""",192,L,L,1B,False,1089,,True,contract_mismatch:Farm Contract->Purchased Contract;years_simple_mismatch:P->PC
2026,26 PAD,2026-2026-02-08T15:28:42.550782-05:00-UPID_3984-Blue Chip-2026_PAD,2026_PAD,pad_submission,2026-02-08T15:28:42.550782-05:00,3984,Xavier Isaac,TB,Util,22,,,468,,Farm,The Bluke Blokes,Blue Chip Contract,[7] P,BC,Blue Chip,Xavier Isaac,TB,Util,The Bluke Blokes,Farm,Development Cont.,[7] P,P,60414,3984,800060,TBB,2003-12-17,22,"6' 3""",240,L,L,1B,False,468,,False,contract_mismatch:Development Cont.->Blue Chip Contract;years_simple_mismatch:P->BC
2026,26 PAD,2026-2026-02-08T15:28:42.550834-05:00-UPID_6853-Blue Chip-2026_PAD,2026_PAD,pad_submission,2026-02-08T15:28:42.550834-05:00,6853,Connelly Early,BOS,SP,23,,,101,,Farm,The Bluke Blokes,Blue Chip Contract,[7] P,BC,Blue Chip,Connelly Early,BOS,SP,The Bluke Blokes,Farm,Purchased Contract,[7] P,P,63143,6853,813349,TBB,2002-04-03,23,"6' 3""",195,L,L,P,False,101,09/09/2025,True,contract_mismatch:Purchased Contract->Blue Chip Contract;years_simple_mismatch:P->BC
2026,26 PAD,2026-2026-02-08T16:13:42.132067-05:00-UPID_3580-Purchase-2026_PAD,2026_PAD,pad_submission,2026-02-08T16:13:42.132067-05:00,3580,James Triantos,CHC,"2B,CF",22,,,269,,Farm,Jepordizers!,Development Contract,[7] P,DC,Purchase,James Triantos,CHC,"2B,CF",Jepordizers!,Farm,Purchased Contract,[7] P,P,12385,3580,701649,JEP,2003-01-29,23,"5' 11""",195,R,R,2B,False,269,,False,contract_mismatch:Purchased Contract->Development Contract;years_simple_mismatch:P->DC
2026,26 PAD,2026-2026-02-08T16:13:42.132143-05:00-UPID_3708-Purchase-2026_PAD,2026_PAD,pad_submission,2026-02-08T16:13:42.132143-05:00,3708,Jeferson Quero,MIL,C,23,,,84,,Farm,Jepordizers!,Development Contract,[7] P,DC,Purchase,Jeferson Quero,MIL,C,Jepordizers!,Farm,Purchased Contract,[7] P,P,12477,3708,691620,JEP,2002-10-08,23,"5' 11""",203,R,R,C,False,84,,False,contract_mismatch:Purchased Contract->Development Contract;years_simple_mismatch:P->DC
2026,26 PAD,2026-2026-02-08T16:13:42.132178-05:00-UPID_3584-Purchase-2026_PAD,2026_PAD,pad_submission,2026-02-08T16:13:42.132178-05:00,3584,Owen Caissie,CHC,CF,23,,,47,,Farm,Jepordizers!,Purchased Contract,[7] P,PC,Purchase,Owen Caissie,CHC,CF,Jepordizers!,Farm,Purchased Contract,[7] P,P,,3584,683357,JEP,2002-07-08,23,"6' 3""",190,L,R,RF,False,47,08/14/2025,True,years_simple_mismatch:P->PC
2026,26 PAD,2026-2026-02-08T16:13:42.132217-05:00-UPID_3900-Purchase-2026_PAD,2026_PAD,pad_submission,2026-02-08T16:13:42.132217-05:00,3900,Carson Whisenhunt,SF,SP,25,,,243,,Farm,Jepordizers!,Purchased Contract,[7] P,PC,Purchase,Carson Whisenhunt,SF,SP,Jepordizers!,Farm,Farm Contract,[7] P,P,60381,3900,687931,JEP,2000-10-20,25,"6' 3""",214,L,L,P,False,243,07/28/2025,True,contract_mismatch:Farm Contract->Purchased Contract;years_simple_mismatch:P->PC
2026,26 PAD,2026-2026-02-08T16:13:42.132517-05:00-UPID_3926-Purchase-2026_PAD,2026_PAD,pad_submission,2026-02-08T16:13:42.132517-05:00,3926,Dylan Beavers,BAL,OF,24,,,83,,Farm,Jepordizers!,Purchased Contract,[7] P,PC,Purchase,Dylan Beavers,BAL,OF,Jepordizers!,Farm,Purchased Contract,[7] P,P,60091,3926,687637,JEP,2001-08-11,24,"6' 5""",206,L,R,RF,False,83,08/16/2025,True,years_simple_mismatch:P->PC
2026,26 PAD,2026-2026-02-08T16:13:42.132552-05:00-UPID_3906-Blue Chip-2026_PAD,2026_PAD,pad_submission,2026-02-08T16:13:42.132552-05:00,3906,Jacob Misiorowski,MIL,SP,23,,,1484,,Farm,Jepordizers!,Blue Chip Contract,[7] P,BC,Blue Chip,Jacob Misiorowski,MIL,SP,Jepordizers!,Farm,Purchased Contract,[7] P,P,60254,3906,694819,JEP,2002-04-03,23,"6' 7""",197,R,R,P,False,1484,06/12/2025,True,contract_mismatch:Purchased Contract->Blue Chip Contract;years_simple_mismatch:P->BC
2026,26 PAD,2026-2026-02-08T16:13:42.132596-05:00-UPID_6599-Blue Chip-2026_PAD,2026_PAD,pad_submission,2026-02-08T16:13:42.132596-05:00,6599,Bryce Eldridge,SF,1B,21,,,12,,Farm,Jepordizers!,Blue Chip Contract,[7] P,BC,Blue Chip,Bryce Eldridge,SF,1B,Jepordizers!,Farm,Development Cont.,[7] P,P,62957,6599,805811,JEP,2004-10-20,21,"6' 7""",240,L,R,1B,False,12,09/15/2025,True,contract_mismatch:Development Cont.->Blue Chip Contract;years_simple_mismatch:P->BC
2026,26 PAD,2026-2026-02-08T16:13:42.132637-05:00-UPID_6720-Blue Chip-2026_PAD,2026_PAD,pad_submission,2026-02-08T16:13:42.132637-05:00,6720,Luke Keaschall,MIN,2B,23,,,1765,,Farm,Jepordizers!,Blue Chip Contract,[7] P,BC,Blue Chip,Luke Keaschall,MIN,2B,Jepordizers!,Farm,Purchased Contract,[7] P,P,63023,6720,807712,JEP,2002-08-15,23,"6' 0""",190,R,R,2B,False,1765,04/18/2025,True,contract_mismatch:Purchased Contract->Blue Chip Contract;years_simple_mismatch:P->BC
2026,26 PAD,2026-2026-02-08T16:13:42.132685-05:00-UPID_7540-Blue Chip-2026_PAD,2026_PAD,pad_submission,2026-02-08T16:13:42.132685-05:00,7540,Roki Sasaki,LAD,SP,24,,,1979,,Farm,Jepordizers!,Blue Chip Contract,[7] P,BC,Blue Chip,Roki Sasaki,LAD,SP,Jepordizers!,Farm,Purchased Contract,[7] P,P,64803,7540,808963,JEP,2001-11-03,24,"6' 2""",187,R,R,P,False,1979,03/19/2025,True,contract_mismatch:Purchased Contract->Blue Chip Contract;years_simple_mismatch:P->BC
2026,26 PAD,2026-2026-02-08T16:13:42.132716-05:00-UPID_7674-Blue Chip-2026_PAD,2026_PAD,pad_submission,2026-02-08T16:13:42.132716-05:00,7674,Hagen Smith,CWS,SP,22,,,88,,Farm,Jepordizers!,Blue Chip Contract,[7] P,BC,Blue Chip,Hagen Smith,CWS,SP,Jepordizers!,Farm,Development Cont.,[7] P,P,64315,7674,696146,JEP,2003-08-19,22,"6' 3""",235,L,L,P,False,88,,False,contract_mismatch:Development Cont.->Blue Chip Contract;years_simple_mismatch:P->BC
