upid,name,fbp_team,manager,age,role,mlb_pa_approx,mlb_g_bat,mlb_ip,mlb_g_pit,fail_reasons
2005,Aaron Zavala,,,25,batter,1720.0,402.0,0,0,PA|GP
6007,Abimelec Ortiz,,,23,batter,631.0,155.0,0,0,PA|GP
3527,Adael Amador,,,22,batter,887.0,162.0,0,0,PA|GP
6869,Alan Roden,,,26,batter,106.0,0,0,0,AGE
6094,Alek Jacob,,,27,pitcher,12.0,35.0,50.3,0,AGE
4461,Alexander Canario,,,25,batter,959.0,160.0,0,0,PA|GP
2065,Alika Williams,,,26,batter,570.0,85.0,0,0,AGE|PA|GP
6855,Allan Castro,,,22,batter,591.0,141.0,0,0,PA|GP
4296,Allan Winans,,,30,pitcher,39.0,61.0,48.4,0,AGE
3977,Andres Chaparro,,,26,batter,1615.0,350.0,0,0,AGE|PA|GP
6210,Andrew Moore,,,31,batter,76.0,78.0,0,0,AGE
7096,Andrew Pinckney,,,25,batter,1435.0,351.0,0,0,PA|GP
2117,Andrew Politi,,,29,batter,138.0,178.0,0,0,AGE|GP
6233,Andrew Taylor,,,39,batter,195.0,157.0,0,0,AGE|GP
7391,Andy Perez,,,21,batter,1369.0,339.0,0,0,PA|GP
3667,Angel Zerpa,,,26,pitcher,24.0,26.0,159.6,0,AGE|IP
4464,Anthony Garcia,,,34,batter,1979.0,524.0,0,0,AGE|PA|GP
6923,Anthony Veneziano,,,28,pitcher,116.0,61.0,25.1,0,AGE
6802,Antonio Jimenez,,,21,batter,908.0,299.0,0,0,PA|GP
3659,Asa Lacy,,,26,batter,55.0,18.0,0,0,AGE
4966,Austin Charles,,,22,batter,459.0,117.0,0,0,PA|GP
6273,Austin Cox,,,28,pitcher,124.0,89.0,56.3,0,AGE
3565,Austin Peterson,,,26,batter,42.0,37.0,0,0,AGE
4488,Austin Shenton,,,27,batter,50.0,0,0,0,AGE
6787,Ben Casparius,,,26,pitcher,72.0,38.0,85.3,0,AGE
7861,Ben Shields,,,26,batter,2.0,1.0,0,0,AGE
5885,Billy Cook,,,27,batter,967.0,232.0,0,0,AGE|PA|GP
6981,Blake Dunn,,,27,batter,96.0,0,0,0,AGE
5881,Blake Hunt,,,25,batter,602.0,145.0,0,0,PA|GP
4158,Blaze Alexander,,,26,batter,1201.0,189.0,0,0,AGE|PA|GP
3570,Blaze Jordan,,,23,batter,778.0,184.0,0,0,PA|GP
7104,Boston Baro,,,21,batter,364.0,84.0,0,0,PA|GP
3547,Braden Shewmake,,,28,batter,410.0,83.0,0,0,AGE|PA|GP
7170,Brady Basso,,,28,pitcher,19.0,27.0,33.3,0,AGE
3572,Brandon Walter,,,29,pitcher,18.0,28.0,76.2,0,AGE
6880,Brandon Winokur,,,21,batter,396.0,94.0,0,0,PA|GP
6821,Brandon Young,,,27,pitcher,31.0,26.0,57.2,0,AGE
5858,Brant Hurter,,,27,pitcher,37.0,30.0,108.1,0,AGE|IP
7257,Braylin Morel,,,19,batter,375.0,88.0,0,0,PA|GP
6356,Brendan Beck,,,27,batter,0,1.0,0,0,AGE
3459,Brennen Davis,,,26,batter,302.0,76.0,0,0,AGE
4670,Brett Harris,,,27,batter,200.0,0,0,0,AGE
6501,Brett Sullivan,,,31,batter,1792.0,409.0,0,0,AGE|PA|GP
5847,Brett Wisely,,,26,pitcher,1005.0,159.0,1.0,0,AGE
6585,Brock Wilken,,,23,batter,465.0,108.0,0,0,PA|GP
6537,Brooks Baldwin,,,25,batter,441.0,0,0,0,PA
3571,Bryan Mata,,,26,batter,192.0,109.0,0,0,AGE|GP
3597,Bryan Ramos,,,23,batter,1229.0,265.0,0,0,PA|GP
4389,Bryce Johnson,,,30,batter,1331.0,284.0,0,0,AGE|PA|GP
3812,Cade Marlowe,,,28,batter,1178.0,253.0,0,0,AGE|PA|GP
5829,Caleb Durbin,,,25,batter,475.0,0,0,0,PA
3581,Caleb Kilian,,,28,pitcher,9.0,14.0,15.3,0,AGE
5819,Cameron Cauley,,,22,batter,403.0,93.0,0,0,PA|GP
4383,Canaan Smith-Njigba,,,26,batter,792.0,184.0,0,0,AGE|PA|GP
7899,Carlos Gutierrez,,,21,batter,133.0,161.0,0,0,GP
6622,Carlos Jimenez,,,22,batter,338.0,113.0,0,0,GP
3679,Carlos Jorge,,,22,batter,1058.0,270.0,0,0,PA|GP
7461,Carlos Pacheco,,,21,batter,975.0,260.0,0,0,PA|GP
4416,Carlos Pérez,,,35,pitcher,1409.0,437.0,1.2,0,AGE
6381,Carlos Sanchez,,,20,batter,1856.0,516.0,0,0,PA|GP
6994,Carlos Silva,,,46,batter,4.0,4.0,0,0,AGE
3785,Carmen Mlodzinski,,,26,pitcher,60.0,41.0,185.2,0,AGE|IP
7033,Carson Roccaforte,,,23,batter,527.0,122.0,0,0,PA|GP
6774,Carson Spiers,,,28,pitcher,11.0,10.0,116.3,0,AGE|IP
6346,Chad Patrick,,,27,pitcher,52.0,36.0,119.2,0,AGE|IP
2258,Chayce McDermott,,,27,pitcher,65.0,23.0,12.2,0,AGE
3574,Chris Murphy,,,27,pitcher,74.0,50.0,81.4,0,AGE
4508,Christian Franklin,,,26,batter,418.0,98.0,0,0,AGE|PA|GP
7922,Christian Zazueta,,,21,batter,3910.0,1037.0,0,0,PA|GP
3747,Clayton Beeter,,,27,pitcher,86.0,38.0,6.4,0,AGE
3978,Cody Morris,,,29,pitcher,43.0,41.0,8.0,0,AGE
6368,Colby White,,,27,batter,38.0,47.0,0,0,AGE
3729,Cole Sands,,,28,pitcher,46.0,27.0,164.3,0,AGE|IP
3510,Cole Winn,,,26,pitcher,210.0,77.0,58.3,0,AGE
6614,Colton Ledbetter,,,24,batter,431.0,109.0,0,0,PA|GP
4320,Conner Capel,,,28,batter,1495.0,370.0,0,0,AGE|PA|GP
6901,Connor Noland,,,26,batter,37.0,34.0,0,0,AGE
3837,Connor Thomas,,,27,pitcher,134.0,137.0,5.1,0,AGE
2302,Cooper Kinney,,,22,batter,852.0,208.0,0,0,PA|GP
3874,Cristhian Vaquero,,,21,batter,764.0,200.0,0,0,PA|GP
4002,Cristian Hernandez,,,22,batter,54.0,85.0,0,0,GP
6576,Cristofer Torin,,,20,batter,696.0,158.0,0,0,PA|GP
4613,Cutter Coffey,,,21,batter,341.0,81.0,0,0,GP
5706,Damiano Palmegiani,,,25,batter,937.0,231.0,0,0,PA|GP
5703,Dane Myers,,,29,batter,990.0,149.0,0,0,AGE|PA|GP
7786,Daniel Hernandez,,,17,batter,281.0,115.0,0,0,GP
3912,Daniel Susac,,,24,batter,405.0,99.0,0,0,PA|GP
2332,Daniel Vazquez,,,22,batter,462.0,113.0,0,0,PA|GP
4641,Danny De Andrade,,,21,batter,842.0,203.0,0,0,PA|GP
4087,Darell Hernaiz,,,24,batter,721.0,94.0,0,0,PA|GP
6971,Dario Laverde,,,20,batter,334.0,88.0,0,0,GP
3553,Darius Vines,,,27,pitcher,59.0,45.0,33.3,0,AGE
5672,David Hamilton,,,28,batter,1064.0,119.0,0,0,AGE|PA|GP
3684,Davis Daniel,,,28,pitcher,52.0,30.0,52.2,0,AGE
2365,Deivi García,,,26,pitcher,184.0,85.0,19.2,0,AGE
3763,Denzel Clarke,,,25,batter,624.0,116.0,0,0,PA|GP
3676,Denzer Guzman,,,21,batter,836.0,207.0,0,0,PA|GP
6795,Devin Saltiban,,,20,batter,396.0,97.0,0,0,PA|GP
3446,Diego Cartaya,,,24,batter,391.0,93.0,0,0,PA|GP
5641,Diego Velasquez,,,22,batter,835.0,209.0,0,0,PA|GP
5630,Dominic Fletcher,,,28,batter,1233.0,203.0,0,0,AGE|PA|GP
6028,Dominic Keegan,,,25,batter,425.0,104.0,0,0,PA|GP
4624,Drew Rom,,,26,pitcher,83.0,63.0,33.2,0,AGE
3507,Drew Romo,,,24,batter,1152.0,271.0,0,0,PA|GP
2418,Dustin Harris,,,26,batter,423.0,85.0,0,0,AGE|PA|GP
6662,Dylan Campbell,,,23,batter,485.0,115.0,0,0,PA|GP
4299,Dylan Dodd,,,27,pitcher,13.0,10.0,71.1,0,AGE
7665,Edgleen Perez,,,19,batter,380.0,90.0,0,0,PA|GP
6898,Eduarniel Nunez,,,26,batter,123.0,108.0,0,0,AGE|GP
3789,Eguy Rosario,,,26,batter,1995.0,467.0,0,0,AGE|PA|GP
3770,Erik Miller,,,27,pitcher,81.0,105.0,97.1,0,AGE
3712,Ethan Small,,,28,pitcher,6.0,17.0,4.0,0,AGE
6150,Evan Reifert,,,26,batter,52.0,80.0,0,0,AGE|GP
7260,Fernando Perez,,,21,batter,1939.0,601.0,0,0,PA|GP
7684,Franyerber Montilla,,,20,batter,424.0,102.0,0,0,PA|GP
3548,Freddy Tarnok,,,27,pitcher,64.0,53.0,21.3,0,AGE
4656,Gabriel Rodriguez,,,18,batter,240.0,99.0,0,0,GP
2491,Gage Workman,,,26,batter,1072.0,254.0,0,0,AGE|PA|GP
3897,Gavin Cross,,,24,batter,825.0,195.0,0,0,PA|GP
3463,George Valera,,,25,batter,430.0,90.0,0,0,PA|GP
6832,Grant Anderson,,,28,pitcher,45.0,61.0,130.6,0,AGE|IP
7711,Grant Knipp,,,26,,0,0,0,0,AGE
3697,Grant McCray,,,25,batter,1429.0,281.0,0,0,PA|GP
3768,Griff McGarry,,,26,batter,67.0,29.0,0,0,AGE
7654,Griff O'Ferrall,,,22,batter,464.0,111.0,0,0,PA|GP
3754,Gunnar Hoglund,,,26,batter,28.0,21.0,0,0,AGE
6377,Gus Varland,,,29,pitcher,69.0,70.0,14.2,0,AGE
4044,Hendry Mendez,,,22,batter,808.0,195.0,0,0,PA|GP
3851,Henry Bolte,,,22,batter,482.0,112.0,0,0,PA|GP
4041,Hunter Bigge,,,27,pitcher,56.0,58.0,18.1,0,AGE
2542,Hunter Owen,,,23,batter,650.0,189.0,0,0,PA|GP
3635,Izaac Pacheco,,,23,batter,870.0,207.0,0,0,PA|GP
5148,J.C. Escarra,,,30,batter,1017.0,236.0,0,0,AGE|PA|GP
3756,J.T. Ginn,,,26,pitcher,39.0,26.0,124.1,0,AGE|IP
4068,Jace Avina,,,22,batter,899.0,227.0,0,0,PA|GP
6303,Jack Kochanowicz,,,25,pitcher,56.0,42.0,176.1,0,IP
3873,Jackson Rutledge,,,26,pitcher,41.0,27.0,101.2,0,AGE|IP
4559,Jackson Wolf,,,26,pitcher,22.0,19.0,5.0,0,AGE
4600,Jacob Amaya,,,27,batter,1008.0,216.0,0,0,AGE|PA|GP
5433,Jacob Gonzalez,,,23,batter,2080.0,523.0,0,0,PA|GP
5431,Jacob Hurtubise,,,28,batter,463.0,102.0,0,0,AGE|PA|GP
7153,Jacob Lopez,,,27,pitcher,11.0,13.0,114.4,0,AGE|IP
5426,Jacob Young,,,26,batter,1490.0,115.0,0,0,AGE|PA|GP
3626,Jaden Hill,,,26,pitcher,27.0,19.0,39.3,0,AGE
5423,Jadher Areinamo,,,22,batter,1186.0,291.0,0,0,PA|GP
2593,Jake Eder,,,27,pitcher,42.0,20.0,20.1,0,AGE
5413,Jake Mangum,,,29,batter,1862.0,351.0,0,0,AGE|PA|GP
6678,Jake Miller,,,24,batter,240.0,86.0,0,0,GP
6349,James McArthur,,,29,pitcher,60.0,33.0,79.3,0,AGE
6575,Jansel Luis,,,20,batter,684.0,152.0,0,0,PA|GP
3682,Janson Junk,,,29,pitcher,35.0,26.0,125.1,0,AGE|IP
6644,Jared Sundstrom,,,24,batter,486.0,112.0,0,0,PA|GP
7188,Javier Mogollon,,,20,batter,368.0,93.0,0,0,PA|GP
7270,Jeral Perez,,,21,batter,415.0,100.0,0,0,PA|GP
5344,Jesus Rodriguez,,,23,batter,476.0,341.0,0,0,PA|GP
6690,Jhonny Severino,,,21,batter,408.0,104.0,0,0,PA|GP
6557,Jimmy Crooks,,,24,batter,465.0,114.0,0,0,PA|GP
4011,Joey Estes,,,24,pitcher,66.0,45.0,148.2,0,IP
5327,Joey Loperfido,,,26,batter,213.0,0,0,0,AGE
7131,Johanfran Garcia,,,21,batter,327.0,82.0,0,0,GP
7305,John Gil,,,19,batter,394.0,99.0,0,0,PA|GP
6641,John McMillon,,,27,pitcher,66.0,64.0,16.0,0,AGE
3943,Jonathan Cannon,,,25,pitcher,17.0,14.0,227.3,0,IP
7933,Jonathan Pintaro,,,28,batter,14.0,9.0,0,0,AGE
3719,Jordan Balazovic,,,27,pitcher,125.0,112.0,24.1,0,AGE
3515,Jordan Groshans,,,26,batter,993.0,254.0,0,0,AGE|PA|GP
6643,Jordan Leasure,,,27,pitcher,38.0,77.0,95.2,0,AGE
5298,Jose A. Ferrer,,,25,pitcher,42.0,68.0,142.1,0,IP
3739,Jose Butto,,,27,pitcher,101.0,80.0,163.0,0,AGE|IP
5282,Jose Fernandez,,,24,batter,264.0,120.0,0,0,GP
3241,Jose Hernandez,,,28,pitcher,135.0,177.0,55.3,0,AGE
6669,Jose Lopez,,,26,pitcher,189.0,946.0,2.0,0,AGE
3715,Jose Rodriguez,,,24,batter,359.0,355.0,0,0,PA|GP
5267,Jose Torres,,,32,batter,575.0,222.0,0,0,AGE|PA|GP
3918,Josh Kasevich,,,24,batter,761.0,181.0,0,0,PA|GP
2780,Joshua Baez,,,22,batter,343.0,91.0,0,0,GP
6259,José Soriano,,,27,pitcher,87.0,48.0,324.0,0,AGE|IP
6987,Juan De La Cruz,,,18,batter,277.0,116.0,0,0,GP
5242,Juan Sanchez,,,18,batter,693.0,299.0,0,0,PA|GP
5223,Justice Bigbie,,,26,batter,1352.0,335.0,0,0,AGE|PA|GP
3492,Justin Foscue,,,26,batter,1045.0,223.0,0,0,AGE|PA|GP
6989,Justin Jarvis,,,25,batter,189.0,101.0,0,0,GP
6625,Justin Slaten,,,28,pitcher,35.0,27.0,89.1,0,AGE
6544,Justin Wrobleski,,,25,pitcher,40.0,28.0,102.3,0,IP
3481,Kahlil Watson,,,22,batter,752.0,179.0,0,0,PA|GP
5211,Kala'i Rosario,,,23,batter,1134.0,278.0,0,0,PA|GP
6078,Keaton Winn,,,27,pitcher,49.0,49.0,107.2,0,AGE|IP
7752,Kelvin Hidalgo,,,20,batter,692.0,162.0,0,0,PA|GP
6659,Kendall George,,,21,batter,398.0,86.0,0,0,PA|GP
6025,Kenni Gomez,,,20,batter,362.0,87.0,0,0,PA|GP
3645,Korey Lee,,,27,batter,755.0,76.0,0,0,AGE|PA
3539,Kristian Robinson,,,25,batter,592.0,150.0,0,0,PA|GP
2848,Ky Bush,,,26,pitcher,56.0,35.0,17.2,0,AGE
3560,Kyle Stowers,,,28,batter,740.0,89.0,0,0,AGE|PA|GP
3674,Kyren Paris,,,24,batter,615.0,89.0,0,0,PA|GP
4567,Landen Roupp,,,27,pitcher,19.0,21.0,156.3,0,AGE|IP
3686,Landon Knack,,,28,pitcher,48.0,33.0,111.1,0,AGE|IP
6878,Lazaro Estrada,,,26,batter,62.0,66.0,0,0,AGE
3861,Leo Jimenez,,,24,batter,606.0,93.0,0,0,PA|GP
4560,Leonardo Bernal,,,21,batter,553.0,140.0,0,0,PA|GP
5160,Liam Hicks,,,26,batter,377.0,1.0,0,0,AGE|PA
4319,Livan Soto,,,25,batter,614.0,156.0,0,0,PA|GP
4661,Luis Baez,,,21,batter,1154.0,318.0,0,0,PA|GP
4569,Luis Lara,,,21,batter,987.0,250.0,0,0,PA|GP
7271,Luis Suisbel,,,22,batter,820.0,206.0,0,0,PA|GP
5128,Luis Vazquez,,,26,pitcher,465.0,121.0,4.1,0,AGE
6850,Luke Adams,,,21,batter,788.0,200.0,0,0,PA|GP
3834,Luken Baker,,,28,batter,1564.0,337.0,0,0,AGE|PA|GP
3783,Malcom Nuñez,,,24,batter,700.0,172.0,0,0,PA|GP
7172,Marcelo Perez,,,26,batter,101.0,120.0,0,0,AGE|GP
4237,Mason Black,,,26,pitcher,59.0,29.0,36.1,0,AGE
7247,Matt Waldron,,,29,pitcher,30.0,26.0,191.5,0,AGE|IP
6716,Max Anderson,,,23,batter,520.0,121.0,0,0,PA|GP
5079,Max Schuemann,,,28,batter,1430.0,197.0,0,0,AGE|PA|GP
3855,Maximo Acosta,,,23,batter,1328.0,321.0,0,0,PA|GP
6282,Michael Mercado,,,26,pitcher,100.0,93.0,16.0,0,AGE
4457,Michael Siani,,,26,batter,1453.0,273.0,0,0,AGE|PA|GP
6958,Michel Otanez,,,28,pitcher,101.0,76.0,39.1,0,AGE
7912,Miguel Mendez,,,23,batter,581.0,202.0,0,0,PA|GP
4561,Miguel Ullola,,,23,batter,208.0,82.0,0,0,GP
2999,Mike Burrows,,,26,pitcher,65.0,42.0,99.1,0,AGE
4307,Mike Vasil,,,25,pitcher,75.0,50.0,101.0,0,IP
6689,Mitch Jebb,,,23,batter,487.0,113.0,0,0,PA|GP
7164,Mitch Spence,,,27,pitcher,110.0,78.0,235.3,0,AGE|IP
3017,Mitchell Parker,,,26,pitcher,91.0,38.0,315.2,0,AGE|IP
3988,Moisés Gómez,,,27,batter,1071.0,338.0,0,0,AGE|PA|GP
7850,Nate Nankil,,,23,batter,342.0,83.0,0,0,GP
7762,Nathan Church,,,25,batter,1026.0,246.0,0,0,PA|GP
6511,Nathan Lukes,,,31,batter,2253.0,413.0,0,0,AGE|PA|GP
7272,Nehomar Ochoa Jr.,,,20,batter,381.0,103.0,0,0,PA|GP
4631,Nelson Rada,,,20,batter,1187.0,288.0,0,0,PA|GP
6092,Nic Enright,,,29,pitcher,48.0,98.0,31.0,0,AGE
4289,Nick Frasso,,,27,batter,56.0,52.0,0,0,AGE
3660,Nick Loftin,,,27,batter,1221.0,180.0,0,0,AGE|PA|GP
4686,Nick Morabito,,,22,batter,550.0,125.0,0,0,PA|GP
3788,Niko Kavadas,,,27,pitcher,104.0,0,1.2,0,AGE
5006,Noah Cameron,,,26,pitcher,20.0,19.0,138.1,0,AGE|IP
3722,Noah Miller,,,23,batter,1423.0,329.0,0,0,PA|GP
4520,Noah Song,,,28,batter,16.0,17.0,0,0,AGE
4997,Oliver Dunn,,,28,batter,638.0,119.0,0,0,AGE|PA|GP
7616,Omar Alfonzo,,,22,batter,349.0,86.0,0,0,GP
3806,Osleivis Basabe,,,25,batter,910.0,207.0,0,0,PA|GP
6519,Osvaldo Bido,,,30,pitcher,181.0,102.0,192.5,0,AGE|IP
3860,Otto Lopez,,,27,batter,1895.0,219.0,0,0,AGE|PA|GP
3524,Owen White,,,26,pitcher,19.0,12.0,14.0,0,AGE
7099,Patrick Reilly,,,24,batter,422.0,117.0,0,0,PA|GP
4969,Paul McIntosh,,,28,batter,841.0,207.0,0,0,AGE|PA|GP
3089,Pedro Avila,,,28,pitcher,111.0,55.0,58.1,0,AGE
3646,Pedro Leon,,,27,batter,1051.0,243.0,0,0,AGE|PA|GP
4963,Pedro Pages,,,27,batter,1620.0,247.0,0,0,AGE|PA|GP
3766,Pedro Ramirez,,,21,batter,1530.0,375.0,0,0,PA|GP
3097,Peyton Battenfield,,,28,pitcher,126.0,75.0,34.2,0,AGE
3465,Quinn Priester,,,25,pitcher,71.0,43.0,251.3,0,IP
7207,Ramon Ramirez,,,44,batter,754.0,267.0,0,0,AGE|PA|GP
4467,Randy De Jesus,,,20,batter,813.0,200.0,0,0,PA|GP
3750,Randy Vasquez,,,27,pitcher,341.0,112.0,268.4,0,AGE|IP
4193,Ray Kerr,,,31,pitcher,100.0,73.0,49.1,0,AGE
3608,Rece Hinds,,,25,batter,540.0,109.0,0,0,PA|GP
7136,Rhett Kouba,,,26,batter,95.0,79.0,0,0,AGE
4923,Ricardo Olivar,,,24,batter,931.0,221.0,0,0,PA|GP
6203,Riley Pint,,,28,pitcher,134.0,70.0,3.2,0,AGE
3144,Robert Gasser,,,26,pitcher,68.0,36.0,28.0,0,AGE
4606,Rosman Verdugo,,,20,batter,1011.0,246.0,0,0,PA|GP
3542,Ryan Bliss,,,26,batter,576.0,110.0,0,0,AGE|PA|GP
6709,Ryan Fernandez,,,27,pitcher,35.0,71.0,96.3,0,AGE
7700,Ryan Johnson,,,23,batter,403.0,105.0,0,0,PA|GP
3634,Ryan Kreidler,,,28,batter,752.0,174.0,0,0,AGE|PA|GP
6648,Ryan Lasko,,,23,batter,379.0,82.0,0,0,PA|GP
3638,Samad Taylor,,,27,batter,1327.0,316.0,0,0,AGE|PA|GP
3675,Samuel Zavala,,,21,batter,1122.0,267.0,0,0,PA|GP
7805,Samy Natera Jr.,,,26,batter,48.0,25.0,0,0,AGE
4318,Sean Bouchard,,,29,batter,1479.0,334.0,0,0,AGE|PA|GP
3210,Sean Burke,,,26,pitcher,70.0,33.0,153.1,0,AGE|IP
4094,Sean Hjelle,,,28,pitcher,52.0,36.0,124.2,0,AGE|IP
4664,Shane Drohan,,,27,batter,152.0,71.0,0,0,AGE
3657,Shay Whitcomb,,,27,batter,575.0,118.0,0,0,AGE|PA|GP
3696,Sixto Sánchez,,,27,pitcher,37.0,46.0,35.2,0,AGE
7166,Stephen Kolek,,,28,pitcher,170.0,133.0,125.4,0,AGE|IP
3811,Sterlin Thompson,,,24,batter,505.0,119.0,0,0,PA|GP
4634,T.J. Rumfield,,,25,batter,464.0,114.0,0,0,PA|GP
6594,Tai Peete,,,20,batter,523.0,115.0,0,0,PA|GP
3283,Thomas Szapucki,,,29,batter,22.0,18.0,0,0,AGE
4523,Tirso Ornelas,,,25,batter,2069.0,489.0,0,0,PA|GP
7576,Trent Harris,,,26,batter,13.0,29.0,0,0,AGE
4795,Trey Cabbage,,,28,batter,145.0,0,0,0,AGE
4790,Troy Johnston,,,28,batter,2009.0,448.0,0,0,AGE|PA|GP
3609,Tyler Callihan,,,25,batter,649.0,161.0,0,0,PA|GP
6722,Tyler Cleveland,,,26,batter,49.0,61.0,0,0,AGE
6788,Tyler Collins,,,35,batter,1045.0,437.0,0,0,AGE|PA|GP
4537,Tyler Gentry,,,26,batter,561.0,129.0,0,0,AGE|PA|GP
3704,Victor Mesa Jr.,,,24,batter,1698.0,402.0,0,0,PA|GP
7620,Victor Scott,,,24,batter,591.0,0,0,0,PA
3552,Victor Vodnik,,,26,pitcher,50.0,45.0,81.4,0,AGE
7811,Welinton Herrera,,,21,batter,49.0,82.0,0,0,GP
3753,Wenceel Perez,,,26,batter,1914.0,275.0,0,0,AGE|PA|GP
4102,William Bergolla,,,21,batter,825.0,213.0,0,0,PA|GP
3642,Wilmer Flores,,,24,batter,1310.0,1648.0,0,0,PA|GP
4596,Yendry Rojas,,,23,batter,529.0,144.0,0,0,PA|GP
4669,Yordany De Los Santos,,,20,batter,431.0,116.0,0,0,PA|GP
4210,Yunior Marte,,,22,batter,207.0,195.0,0,0,GP
3807,Zach DeLoach,,,27,batter,567.0,116.0,0,0,AGE|PA|GP
3477,Cade Cavalli,DRO,Andromedans,27,batter,16.0,9.0,0,0,AGE
6069,Joe Boyle,DRO,Andromedans,26,pitcher,72.0,21.0,115.2,0,AGE|IP
3495,Nick Yorke,DRO,Andromedans,23,batter,1241.0,266.0,0,0,PA|GP
3538,Slade Cecconi,DRO,Andromedans,26,pitcher,52.0,38.0,236.0,0,AGE|IP
6649,Thayron Liranzo,DRO,Andromedans,22,batter,584.0,135.0,0,0,PA|GP
2436,Edwin Arroyo,B2J,Btwn2Jackies,22,batter,922.0,206.0,0,0,PA|GP
4687,River Ryan,B2J,Btwn2Jackies,27,pitcher,10.0,7.0,20.1,0,AGE
3910,Spencer Jones,B2J,Btwn2Jackies,24,batter,1031.0,274.0,0,0,PA|GP
6579,Welbyn Francisca,B2J,Btwn2Jackies,19,batter,375.0,85.0,0,0,PA|GP
6988,Zebby Matthews,B2J,Btwn2Jackies,25,pitcher,10.0,15.0,116.3,0,IP
2236,Carson Williams,CFL,Country Fried Lamb,22,batter,1454.0,333.0,0,0,PA|GP
2237,Carter Jensen,CFL,Country Fried Lamb,22,batter,1334.0,313.0,0,0,PA|GP
7179,Hayden Harris,CFL,Country Fried Lamb,26,batter,32.0,48.0,0,0,AGE
3782,Jaison Chourio,CFL,Country Fried Lamb,20,batter,779.0,177.0,0,0,PA|GP
2979,Michael McGreevy,CFL,Country Fried Lamb,25,pitcher,64.0,49.0,118.2,0,IP
7346,Payton Eeles,CFL,Country Fried Lamb,26,batter,0,0,0,0,AGE
6759,Roc Riggio,CFL,Country Fried Lamb,23,batter,469.0,106.0,0,0,PA|GP
4610,Angel Genao,HAM,Hammers,21,batter,360.0,87.0,0,0,PA|GP
3953,Chandler Simpson,HAM,Hammers,25,batter,826.0,91.0,0,0,PA|GP
4575,Drake Baldwin,HAM,Hammers,24,batter,839.0,92.0,0,0,PA|GP
3926,Dylan Beavers,JEP,Jepordizers!,24,batter,859.0,204.0,0,0,PA|GP
6562,Dylan Crews,JEP,Jepordizers!,23,batter,447.0,0,0,0,PA
3580,James Triantos,JEP,Jepordizers!,22,batter,872.0,202.0,0,0,PA|GP
3708,Jeferson Quero,JEP,Jepordizers!,23,batter,374.0,90.0,0,0,PA|GP
3853,Luisangel Acuña,JEP,Jepordizers!,23,batter,1325.0,246.0,0,0,PA|GP
3584,Owen Caissie,JEP,Jepordizers!,23,batter,1486.0,352.0,0,0,PA|GP
3483,Ronny Mauricio,JEP,Jepordizers!,24,batter,1940.0,388.0,0,0,PA|GP
3982,Thomas Saggese,JEP,Jepordizers!,23,batter,1152.0,191.0,0,0,PA|GP
3883,Druw Jones,LFB,La Flama Blanca,22,batter,463.0,109.0,0,0,PA|GP
2450,Emmanuel Rodriguez,LFB,La Flama Blanca,22,batter,446.0,99.0,0,0,PA|GP
3499,Harry Ford,LFB,La Flama Blanca,22,batter,1529.0,338.0,0,0,PA|GP
3902,Jace Jung,LFB,La Flama Blanca,25,batter,507.0,81.0,0,0,PA|GP
6617,Ralphy Velazquez,LFB,La Flama Blanca,20,batter,365.0,82.0,0,0,PA|GP
3746,Roderick Arias,LFB,La Flama Blanca,21,batter,541.0,124.0,0,0,PA|GP
6616,Starlyn Caba,LFB,La Flama Blanca,20,batter,385.0,90.0,0,0,PA|GP
3454,Zac Veen,LFB,La Flama Blanca,24,batter,855.0,198.0,0,0,PA|GP
6602,Blake Mitchell,LAW,Law-Abiding Citizens,21,batter,457.0,106.0,0,0,PA|GP
3894,Cade Horton,LAW,Law-Abiding Citizens,24,pitcher,15.0,9.0,118.0,0,IP
7335,Craig Yoho,LAW,Law-Abiding Citizens,26,batter,10.0,17.0,0,0,AGE
6532,Hector Rodriguez,LAW,Law-Abiding Citizens,21,batter,1557.0,446.0,0,0,PA|GP
3852,Roman Anthony,LAW,Law-Abiding Citizens,21,batter,668.0,84.0,0,0,PA|GP
6543,Alex Freeland,RV,Rick Vaughn,24,batter,452.0,106.0,0,0,PA|GP
3891,Cam Collier,RV,Rick Vaughn,21,batter,940.0,230.0,0,0,PA|GP
3937,Kumar Rocker,RV,Rick Vaughn,26,pitcher,7.0,6.0,75.3,0,AGE
6573,Kyle Teel,RV,Rick Vaughn,23,batter,663.0,84.0,0,0,PA|GP
7703,Nick Kurtz,RV,Rick Vaughn,22,batter,483.0,0,0,0,PA
6834,Robert Calaz,RV,Rick Vaughn,20,batter,383.0,92.0,0,0,PA|GP
6141,Sebastian Walcott,RV,Rick Vaughn,19,batter,638.0,151.0,0,0,PA|GP
3901,Cole Young,TBB,The Bluke Blokes,22,batter,1144.0,202.0,0,0,PA|GP
3540,Deyvison De Los Santos,TBB,The Bluke Blokes,22,batter,477.0,113.0,0,0,PA|GP
2429,Edgar Quero,TBB,The Bluke Blokes,22,batter,883.0,111.0,0,0,PA|GP
3647,Forrest Whitley,TBB,The Bluke Blokes,28,pitcher,52.0,33.0,10.2,0,AGE
6604,George Lombard Jr.,TBB,The Bluke Blokes,20,batter,357.0,81.0,0,0,PA|GP
6137,Joendry Vargas,TBB,The Bluke Blokes,20,batter,367.0,86.0,0,0,PA|GP
7409,Johnathan Rodriguez,TBB,The Bluke Blokes,26,batter,578.0,113.0,0,0,AGE|PA|GP
3846,Kameron Misner,TBB,The Bluke Blokes,28,batter,1631.0,335.0,0,0,AGE|PA|GP
6064,Kyle Hurt,TBB,The Bluke Blokes,27,pitcher,50.0,24.0,8.2,0,AGE
3653,Matt Mervis,TBB,The Bluke Blokes,27,batter,256.0,0,0,0,AGE
3467,Orelvis Martinez,TBB,The Bluke Blokes,24,batter,948.0,229.0,0,0,PA|GP
3984,Xavier Isaac,TBB,The Bluke Blokes,22,batter,368.0,90.0,0,0,PA|GP
3543,Adrian Del Castillo,WAR,Weekend Warriors,26,batter,215.0,0,0,0,AGE
6530,Chase Meidroth,WAR,Weekend Warriors,24,batter,1421.0,213.0,0,0,PA|GP
6124,Christian Scott,WAR,Weekend Warriors,26,pitcher,15.0,15.0,47.1,0,AGE
3522,Colson Montgomery,WAR,Weekend Warriors,23,batter,834.0,130.0,0,0,PA|GP
3914,Dalton Rushing,WAR,Weekend Warriors,24,batter,514.0,89.0,0,0,PA|GP
3720,Ethan Salas,WAR,Weekend Warriors,19,batter,459.0,111.0,0,0,PA|GP
7130,Franklin Arias,WAR,Weekend Warriors,20,batter,1070.0,283.0,0,0,PA|GP
3845,Ian Seymour,WAR,Weekend Warriors,27,pitcher,49.0,31.0,57.0,0,AGE
3944,Jacob Melton,WAR,Weekend Warriors,25,batter,392.0,86.0,0,0,PA|GP
4151,Juan Brito,WAR,Weekend Warriors,24,batter,1482.0,338.0,0,0,PA|GP
7608,Luis Pena,WAR,Weekend Warriors,19,batter,356.0,215.0,0,0,PA|GP
4030,Richard Fitts,WAR,Weekend Warriors,26,pitcher,46.0,32.0,65.2,0,AGE
6868,Sawyer Gipson-Long,WAR,Weekend Warriors,28,pitcher,22.0,20.0,51.1,0,AGE
6590,Arjun Nimmala,WIZ,Whiz Kids,20,batter,349.0,82.0,0,0,GP
6696,Cole Carrigg,WIZ,Whiz Kids,23,batter,490.0,111.0,0,0,PA|GP
6555,Jakob Marsee,WIZ,Whiz Kids,24,batter,1099.0,204.0,0,0,PA|GP
2674,Joe Mack,WIZ,Whiz Kids,23,batter,960.0,232.0,0,0,PA|GP
4001,Max Muncy,WIZ,Whiz Kids,23,batter,1154.0,1138.0,0,0,PA|GP
6564,Eduardo Quintero,SAD,not much of a donkey,20,batter,428.0,105.0,0,0,PA|GP
6593,Jefferson Rojas,SAD,not much of a donkey,20,batter,568.0,141.0,0,0,PA|GP
3526,Kevin Alcántara,SAD,not much of a donkey,23,batter,1021.0,239.0,0,0,PA|GP
6592,Matt Shaw,SAD,not much of a donkey,24,batter,788.0,86.0,0,0,PA|GP
3935,Ryan Clifford,SAD,not much of a donkey,22,batter,396.0,98.0,0,0,PA|GP
3951,Sal Stewart,SAD,not much of a donkey,22,batter,382.0,88.0,0,0,PA|GP
4593,Samuel Basallo,SAD,not much of a donkey,21,batter,1114.0,273.0,0,0,PA|GP
3886,Termarr Johnson,SAD,not much of a donkey,21,batter,473.0,110.0,0,0,PA|GP
3709,Tyler Black,SAD,not much of a donkey,25,batter,425.0,84.0,0,0,PA|GP
6973,Yophery Rodriguez,SAD,not much of a donkey,20,batter,698.0,162.0,0,0,PA|GP
